State,Category,Subcategory,Estimated Population,State Population
Alabama,Ancestry,American,830195,4874747
Alaska,Ancestry,American,21878,739795
Arizona,Ancestry,American,235203,7016270
Arkansas,Ancestry,American,319216,3004279
California,Ancestry,American,1177010,39536653
Colorado,Ancestry,American,215713,5607154
Connecticut,Ancestry,American,132773,3588184
Delaware,Ancestry,American,139091,961939
District of Columbia,Ancestry,American,16269,693972
Florida,Ancestry,American,1660224,20984400
Georgia,Ancestry,American,1122093,10429379
Hawaii,Ancestry,American,17278,1427538
Idaho,Ancestry,American,110020,1716943
Illinois,Ancestry,American,469033,12802023
Indiana,Ancestry,American,573696,6666818
Iowa,Ancestry,American,146785,3145711
Kansas,Ancestry,American,174401,2913123
Kentucky,Ancestry,American,674143,4454189
Louisiana,Ancestry,American,365125,4684333
Maine,Ancestry,American,93418,1335907
Maryland,Ancestry,American,295341,6052177
Massachusetts,Ancestry,American,252742,6859819
Michigan,Ancestry,American,532473,9962311
Minnesota,Ancestry,American,171703,5576606
Mississippi,Ancestry,American,330517,2984100
Missouri,Ancestry,American,492389,6113532
Montana,Ancestry,American,57134,1050493
Nebraska,Ancestry,American,63462,1920076
Nevada,Ancestry,American,109462,2998039
New Hampshire,Ancestry,American,52536,1342795
New Jersey,Ancestry,American,297889,9005644
New Mexico,Ancestry,American,83594,2088070
New York,Ancestry,American,1048697,19849399
North Carolina,Ancestry,American,1096935,10273419
North Dakota,Ancestry,American,22346,755393
Ohio,Ancestry,American,801186,11658609
Oklahoma,Ancestry,American,300078,3930864
Oregon,Ancestry,American,192331,4142776
Pennsylvania,Ancestry,American,581836,12805537
Rhode Island,Ancestry,American,32756,1059639
South Carolina,Ancestry,American,566078,5024369
South Dakota,Ancestry,American,31543,869666
Tennessee,Ancestry,American,863686,6715984
Texas,Ancestry,American,1604684,28304596
Utah,Ancestry,American,141761,3101833
Vermont,Ancestry,American,52497,623657
Virginia,Ancestry,American,759976,8470020
Washington,Ancestry,American,289207,7405743
West Virginia,Ancestry,American,207610,1815857
Wisconsin,Ancestry,American,169691,5795483
Wyoming,Ancestry,American,29126,579315
Alabama,Ancestry,Arab,11098,4874747
Alaska,Ancestry,Arab,964,739795
Arizona,Ancestry,Arab,37756,7016270
Arkansas,Ancestry,Arab,6354,3004279
California,Ancestry,Arab,307727,39536653
Colorado,Ancestry,Arab,27526,5607154
Connecticut,Ancestry,Arab,25776,3588184
Delaware,Ancestry,Arab,3630,961939
District of Columbia,Ancestry,Arab,4810,693972
Florida,Ancestry,Arab,114791,20984400
Georgia,Ancestry,Arab,35001,10429379
Hawaii,Ancestry,Arab,3348,1427538
Idaho,Ancestry,Arab,2797,1716943
Illinois,Ancestry,Arab,106724,12802023
Indiana,Ancestry,Arab,18959,6666818
Iowa,Ancestry,Arab,7505,3145711
Kansas,Ancestry,Arab,9496,2913123
Kentucky,Ancestry,Arab,12503,4454189
Louisiana,Ancestry,Arab,15525,4684333
Maine,Ancestry,Arab,3837,1335907
Maryland,Ancestry,Arab,29151,6052177
Massachusetts,Ancestry,Arab,69232,6859819
Michigan,Ancestry,Arab,211539,9962311
Minnesota,Ancestry,Arab,22478,5576606
Mississippi,Ancestry,Arab,8870,2984100
Missouri,Ancestry,Arab,23346,6113532
Montana,Ancestry,Arab,469,1050493
Nebraska,Ancestry,Arab,7116,1920076
Nevada,Ancestry,Arab,9481,2998039
New Hampshire,Ancestry,Arab,11971,1342795
New Jersey,Ancestry,Arab,101326,9005644
New Mexico,Ancestry,Arab,6049,2088070
New York,Ancestry,Arab,169809,19849399
North Carolina,Ancestry,Arab,40009,10273419
North Dakota,Ancestry,Arab,2007,755393
Ohio,Ancestry,Arab,78853,11658609
Oklahoma,Ancestry,Arab,7890,3930864
Oregon,Ancestry,Arab,18140,4142776
Pennsylvania,Ancestry,Arab,71710,12805537
Rhode Island,Ancestry,Arab,9019,1059639
South Carolina,Ancestry,Arab,10084,5024369
South Dakota,Ancestry,Arab,1452,869666
Tennessee,Ancestry,Arab,39343,6715984
Texas,Ancestry,Arab,151209,28304596
Utah,Ancestry,Arab,7147,3101833
Vermont,Ancestry,Arab,2774,623657
Virginia,Ancestry,Arab,77572,8470020
Washington,Ancestry,Arab,38014,7405743
West Virginia,Ancestry,Arab,6872,1815857
Wisconsin,Ancestry,Arab,15665,5795483
Wyoming,Ancestry,Arab,499,579315
Alabama,Ancestry,Czech,4502,4874747
Alaska,Ancestry,Czech,2505,739795
Arizona,Ancestry,Czech,25105,7016270
Arkansas,Ancestry,Czech,7345,3004279
California,Ancestry,Czech,81742,39536653
Colorado,Ancestry,Czech,34196,5607154
Connecticut,Ancestry,Czech,11490,3588184
Delaware,Ancestry,Czech,1969,961939
District of Columbia,Ancestry,Czech,2511,693972
Florida,Ancestry,Czech,56943,20984400
Georgia,Ancestry,Czech,16130,10429379
Hawaii,Ancestry,Czech,1744,1427538
Idaho,Ancestry,Czech,6168,1716943
Illinois,Ancestry,Czech,105335,12802023
Indiana,Ancestry,Czech,16160,6666818
Iowa,Ancestry,Czech,52812,3145711
Kansas,Ancestry,Czech,20171,2913123
Kentucky,Ancestry,Czech,5602,4454189
Louisiana,Ancestry,Czech,3453,4684333
Maine,Ancestry,Czech,2713,1335907
Maryland,Ancestry,Czech,17728,6052177
Massachusetts,Ancestry,Czech,12724,6859819
Michigan,Ancestry,Czech,43535,9962311
Minnesota,Ancestry,Czech,89814,5576606
Mississippi,Ancestry,Czech,1579,2984100
Missouri,Ancestry,Czech,21080,6113532
Montana,Ancestry,Czech,9510,1050493
Nebraska,Ancestry,Czech,82542,1920076
Nevada,Ancestry,Czech,7614,2998039
New Hampshire,Ancestry,Czech,3934,1342795
New Jersey,Ancestry,Czech,26134,9005644
New Mexico,Ancestry,Czech,4901,2088070
New York,Ancestry,Czech,41253,19849399
North Carolina,Ancestry,Czech,17221,10273419
North Dakota,Ancestry,Czech,13358,755393
Ohio,Ancestry,Czech,63201,11658609
Oklahoma,Ancestry,Czech,15137,3930864
Oregon,Ancestry,Czech,20888,4142776
Pennsylvania,Ancestry,Czech,39295,12805537
Rhode Island,Ancestry,Czech,1088,1059639
South Carolina,Ancestry,Czech,8771,5024369
South Dakota,Ancestry,Czech,18557,869666
Tennessee,Ancestry,Czech,10633,6715984
Texas,Ancestry,Czech,192321,28304596
Utah,Ancestry,Czech,6175,3101833
Vermont,Ancestry,Czech,2018,623657
Virginia,Ancestry,Czech,21833,8470020
Washington,Ancestry,Czech,31908,7405743
West Virginia,Ancestry,Czech,3043,1815857
Wisconsin,Ancestry,Czech,89309,5795483
Wyoming,Ancestry,Czech,3337,579315
Alabama,Ancestry,Danish,5520,4874747
Alaska,Ancestry,Danish,7513,739795
Arizona,Ancestry,Danish,43172,7016270
Arkansas,Ancestry,Danish,5254,3004279
California,Ancestry,Danish,166005,39536653
Colorado,Ancestry,Danish,42161,5607154
Connecticut,Ancestry,Danish,11799,3588184
Delaware,Ancestry,Danish,1537,961939
District of Columbia,Ancestry,Danish,1536,693972
Florida,Ancestry,Danish,38768,20984400
Georgia,Ancestry,Danish,14914,10429379
Hawaii,Ancestry,Danish,2847,1427538
Idaho,Ancestry,Danish,31508,1716943
Illinois,Ancestry,Danish,44359,12802023
Indiana,Ancestry,Danish,11806,6666818
Iowa,Ancestry,Danish,55541,3145711
Kansas,Ancestry,Danish,14116,2913123
Kentucky,Ancestry,Danish,4039,4454189
Louisiana,Ancestry,Danish,2713,4684333
Maine,Ancestry,Danish,5102,1335907
Maryland,Ancestry,Danish,9109,6052177
Massachusetts,Ancestry,Danish,14724,6859819
Michigan,Ancestry,Danish,36580,9962311
Minnesota,Ancestry,Danish,74722,5576606
Mississippi,Ancestry,Danish,2660,2984100
Missouri,Ancestry,Danish,18026,6113532
Montana,Ancestry,Danish,11564,1050493
Nebraska,Ancestry,Danish,39526,1920076
Nevada,Ancestry,Danish,22839,2998039
New Hampshire,Ancestry,Danish,4255,1342795
New Jersey,Ancestry,Danish,17640,9005644
New Mexico,Ancestry,Danish,5470,2088070
New York,Ancestry,Danish,35069,19849399
North Carolina,Ancestry,Danish,20639,10273419
North Dakota,Ancestry,Danish,7708,755393
Ohio,Ancestry,Danish,17697,11658609
Oklahoma,Ancestry,Danish,7131,3930864
Oregon,Ancestry,Danish,38979,4142776
Pennsylvania,Ancestry,Danish,17692,12805537
Rhode Island,Ancestry,Danish,1114,1059639
South Carolina,Ancestry,Danish,6382,5024369
South Dakota,Ancestry,Danish,14762,869666
Tennessee,Ancestry,Danish,7723,6715984
Texas,Ancestry,Danish,46348,28304596
Utah,Ancestry,Danish,138961,3101833
Vermont,Ancestry,Danish,2835,623657
Virginia,Ancestry,Danish,19298,8470020
Washington,Ancestry,Danish,65389,7405743
West Virginia,Ancestry,Danish,1570,1815857
Wisconsin,Ancestry,Danish,58894,5795483
Wyoming,Ancestry,Danish,8655,579315
Alabama,Ancestry,Dutch,32576,4874747
Alaska,Ancestry,Dutch,11684,739795
Arizona,Ancestry,Dutch,86858,7016270
Arkansas,Ancestry,Dutch,33049,3004279
California,Ancestry,Dutch,322235,39536653
Colorado,Ancestry,Dutch,88350,5607154
Connecticut,Ancestry,Dutch,24236,3588184
Delaware,Ancestry,Dutch,8829,961939
District of Columbia,Ancestry,Dutch,4108,693972
Florida,Ancestry,Dutch,188199,20984400
Georgia,Ancestry,Dutch,67033,10429379
Hawaii,Ancestry,Dutch,7507,1427538
Idaho,Ancestry,Dutch,31285,1716943
Illinois,Ancestry,Dutch,150300,12802023
Indiana,Ancestry,Dutch,117362,6666818
Iowa,Ancestry,Dutch,130073,3145711
Kansas,Ancestry,Dutch,46284,2913123
Kentucky,Ancestry,Dutch,42221,4454189
Louisiana,Ancestry,Dutch,16858,4684333
Maine,Ancestry,Dutch,12894,1335907
Maryland,Ancestry,Dutch,42429,6052177
Massachusetts,Ancestry,Dutch,36616,6859819
Michigan,Ancestry,Dutch,450924,9962311
Minnesota,Ancestry,Dutch,100100,5576606
Mississippi,Ancestry,Dutch,14215,2984100
Missouri,Ancestry,Dutch,80320,6113532
Montana,Ancestry,Dutch,18885,1050493
Nebraska,Ancestry,Dutch,39188,1920076
Nevada,Ancestry,Dutch,28166,2998039
New Hampshire,Ancestry,Dutch,16479,1342795
New Jersey,Ancestry,Dutch,85564,9005644
New Mexico,Ancestry,Dutch,12920,2088070
New York,Ancestry,Dutch,216460,19849399
North Carolina,Ancestry,Dutch,88616,10273419
North Dakota,Ancestry,Dutch,7608,755393
Ohio,Ancestry,Dutch,149596,11658609
Oklahoma,Ancestry,Dutch,49378,3930864
Oregon,Ancestry,Dutch,82219,4142776
Pennsylvania,Ancestry,Dutch,173453,12805537
Rhode Island,Ancestry,Dutch,4726,1059639
South Carolina,Ancestry,Dutch,39558,5024369
South Dakota,Ancestry,Dutch,38034,869666
Tennessee,Ancestry,Dutch,68056,6715984
Texas,Ancestry,Dutch,192151,28304596
Utah,Ancestry,Dutch,62684,3101833
Vermont,Ancestry,Dutch,7236,623657
Virginia,Ancestry,Dutch,73459,8470020
Washington,Ancestry,Dutch,137049,7405743
West Virginia,Ancestry,Dutch,25154,1815857
Wisconsin,Ancestry,Dutch,134320,5795483
Wyoming,Ancestry,Dutch,8689,579315
Alabama,Ancestry,English,316675,4874747
Alaska,Ancestry,English,57276,739795
Arizona,Ancestry,English,562661,7016270
Arkansas,Ancestry,English,214361,3004279
California,Ancestry,English,1996811,39536653
Colorado,Ancestry,English,557336,5607154
Connecticut,Ancestry,English,293798,3588184
Delaware,Ancestry,English,80062,961939
District of Columbia,Ancestry,English,33524,693972
Florida,Ancestry,English,1370800,20984400
Georgia,Ancestry,English,714111,10429379
Hawaii,Ancestry,English,48447,1427538
Idaho,Ancestry,English,293620,1716943
Illinois,Ancestry,English,674579,12802023
Indiana,Ancestry,English,505855,6666818
Iowa,Ancestry,English,226581,3145711
Kansas,Ancestry,English,271805,2913123
Kentucky,Ancestry,English,439633,4454189
Louisiana,Ancestry,English,235694,4684333
Maine,Ancestry,English,248597,1335907
Maryland,Ancestry,English,414368,6052177
Massachusetts,Ancestry,English,626957,6859819
Michigan,Ancestry,English,853705,9962311
Minnesota,Ancestry,English,288116,5576606
Mississippi,Ancestry,English,194328,2984100
Missouri,Ancestry,English,501540,6113532
Montana,Ancestry,English,117291,1050493
Nebraska,Ancestry,English,141892,1920076
Nevada,Ancestry,English,207463,2998039
New Hampshire,Ancestry,English,228220,1342795
New Jersey,Ancestry,English,411936,9005644
New Mexico,Ancestry,English,121934,2088070
New York,Ancestry,English,929741,19849399
North Carolina,Ancestry,English,891890,10273419
North Dakota,Ancestry,English,29098,755393
Ohio,Ancestry,English,897957,11658609
Oklahoma,Ancestry,English,267555,3930864
Oregon,Ancestry,English,440663,4142776
Pennsylvania,Ancestry,English,860718,12805537
Rhode Island,Ancestry,English,109187,1059639
South Carolina,Ancestry,English,408824,5024369
South Dakota,Ancestry,English,49653,869666
Tennessee,Ancestry,English,542167,6715984
Texas,Ancestry,English,1564791,28304596
Utah,Ancestry,English,698690,3101833
Vermont,Ancestry,English,101194,623657
Virginia,Ancestry,English,751360,8470020
Washington,Ancestry,English,717602,7405743
West Virginia,Ancestry,English,165649,1815857
Wisconsin,Ancestry,English,323410,5795483
Wyoming,Ancestry,English,74822,579315
Alabama,Ancestry,French (except Basque),66671,4874747
Alaska,Ancestry,French (except Basque),19640,739795
Arizona,Ancestry,French (except Basque),150029,7016270
Arkansas,Ancestry,French (except Basque),47599,3004279
California,Ancestry,French (except Basque),628533,39536653
Colorado,Ancestry,French (except Basque),148202,5607154
Connecticut,Ancestry,French (except Basque),168620,3588184
Delaware,Ancestry,French (except Basque),13457,961939
District of Columbia,Ancestry,French (except Basque),11284,693972
Florida,Ancestry,French (except Basque),442420,20984400
Georgia,Ancestry,French (except Basque),145085,10429379
Hawaii,Ancestry,French (except Basque),18131,1427538
Idaho,Ancestry,French (except Basque),39578,1716943
Illinois,Ancestry,French (except Basque),225318,12802023
Indiana,Ancestry,French (except Basque),142329,6666818
Iowa,Ancestry,French (except Basque),65174,3145711
Kansas,Ancestry,French (except Basque),69731,2913123
Kentucky,Ancestry,French (except Basque),71697,4454189
Louisiana,Ancestry,French (except Basque),571021,4684333
Maine,Ancestry,French (except Basque),180080,1335907
Maryland,Ancestry,French (except Basque),91153,6052177
Massachusetts,Ancestry,French (except Basque),394425,6859819
Michigan,Ancestry,French (except Basque),378279,9962311
Minnesota,Ancestry,French (except Basque),179354,5576606
Mississippi,Ancestry,French (except Basque),57231,2984100
Missouri,Ancestry,French (except Basque),169894,6113532
Montana,Ancestry,French (except Basque),34992,1050493
Nebraska,Ancestry,French (except Basque),37229,1920076
Nevada,Ancestry,French (except Basque),56546,2998039
New Hampshire,Ancestry,French (except Basque),172092,1342795
New Jersey,Ancestry,French (except Basque),96983,9005644
New Mexico,Ancestry,French (except Basque),27587,2088070
New York,Ancestry,French (except Basque),381145,19849399
North Carolina,Ancestry,French (except Basque),158633,10273419
North Dakota,Ancestry,French (except Basque),29417,755393
Ohio,Ancestry,French (except Basque),233889,11658609
Oklahoma,Ancestry,French (except Basque),72743,3930864
Oregon,Ancestry,French (except Basque),122577,4142776
Pennsylvania,Ancestry,French (except Basque),196083,12805537
Rhode Island,Ancestry,French (except Basque),93688,1059639
South Carolina,Ancestry,French (except Basque),89930,5024369
South Dakota,Ancestry,French (except Basque),20880,869666
Tennessee,Ancestry,French (except Basque),105112,6715984
Texas,Ancestry,French (except Basque),522405,28304596
Utah,Ancestry,French (except Basque),59246,3101833
Vermont,Ancestry,French (except Basque),77753,623657
Virginia,Ancestry,French (except Basque),147717,8470020
Washington,Ancestry,French (except Basque),226725,7405743
West Virginia,Ancestry,French (except Basque),23361,1815857
Wisconsin,Ancestry,French (except Basque),175337,5795483
Wyoming,Ancestry,French (except Basque),16614,579315
Alabama,Ancestry,French Canadian,8140,4874747
Alaska,Ancestry,French Canadian,5178,739795
Arizona,Ancestry,French Canadian,29956,7016270
Arkansas,Ancestry,French Canadian,6532,3004279
California,Ancestry,French Canadian,106385,39536653
Colorado,Ancestry,French Canadian,26477,5607154
Connecticut,Ancestry,French Canadian,95571,3588184
Delaware,Ancestry,French Canadian,3566,961939
District of Columbia,Ancestry,French Canadian,2580,693972
Florida,Ancestry,French Canadian,119396,20984400
Georgia,Ancestry,French Canadian,22336,10429379
Hawaii,Ancestry,French Canadian,2553,1427538
Idaho,Ancestry,French Canadian,9702,1716943
Illinois,Ancestry,French Canadian,35496,12802023
Indiana,Ancestry,French Canadian,14506,6666818
Iowa,Ancestry,French Canadian,9990,3145711
Kansas,Ancestry,French Canadian,10806,2913123
Kentucky,Ancestry,French Canadian,7497,4454189
Louisiana,Ancestry,French Canadian,145299,4684333
Maine,Ancestry,French Canadian,104440,1335907
Maryland,Ancestry,French Canadian,18099,6052177
Massachusetts,Ancestry,French Canadian,264809,6859819
Michigan,Ancestry,French Canadian,156482,9962311
Minnesota,Ancestry,French Canadian,56025,5576606
Mississippi,Ancestry,French Canadian,8851,2984100
Missouri,Ancestry,French Canadian,13639,6113532
Montana,Ancestry,French Canadian,8344,1050493
Nebraska,Ancestry,French Canadian,6243,1920076
Nevada,Ancestry,French Canadian,10988,2998039
New Hampshire,Ancestry,French Canadian,124688,1342795
New Jersey,Ancestry,French Canadian,24656,9005644
New Mexico,Ancestry,French Canadian,6033,2088070
New York,Ancestry,French Canadian,118578,19849399
North Carolina,Ancestry,French Canadian,38163,10273419
North Dakota,Ancestry,French Canadian,6101,755393
Ohio,Ancestry,French Canadian,28381,11658609
Oklahoma,Ancestry,French Canadian,6908,3930864
Oregon,Ancestry,French Canadian,27064,4142776
Pennsylvania,Ancestry,French Canadian,33938,12805537
Rhode Island,Ancestry,French Canadian,57416,1059639
South Carolina,Ancestry,French Canadian,18060,5024369
South Dakota,Ancestry,French Canadian,4036,869666
Tennessee,Ancestry,French Canadian,18534,6715984
Texas,Ancestry,French Canadian,78421,28304596
Utah,Ancestry,French Canadian,8851,3101833
Vermont,Ancestry,French Canadian,46981,623657
Virginia,Ancestry,French Canadian,34959,8470020
Washington,Ancestry,French Canadian,57287,7405743
West Virginia,Ancestry,French Canadian,2932,1815857
Wisconsin,Ancestry,French Canadian,54973,5795483
Wyoming,Ancestry,French Canadian,3168,579315
Alabama,Ancestry,German,309139,4874747
Alaska,Ancestry,German,113235,739795
Arizona,Ancestry,German,890046,7016270
Arkansas,Ancestry,German,287556,3004279
California,Ancestry,German,2821646,39536653
Colorado,Ancestry,German,1048207,5607154
Connecticut,Ancestry,German,324708,3588184
Delaware,Ancestry,German,108619,961939
District of Columbia,Ancestry,German,46773,693972
Florida,Ancestry,German,1918837,20984400
Georgia,Ancestry,German,674880,10429379
Hawaii,Ancestry,German,82937,1427538
Idaho,Ancestry,German,280020,1716943
Illinois,Ancestry,German,2243998,12802023
Indiana,Ancestry,German,1382882,6666818
Iowa,Ancestry,German,1021200,3145711
Kansas,Ancestry,German,716100,2913123
Kentucky,Ancestry,German,589682,4454189
Louisiana,Ancestry,German,312186,4684333
Maine,Ancestry,German,109156,1335907
Maryland,Ancestry,German,757507,6052177
Massachusetts,Ancestry,German,393923,6859819
Michigan,Ancestry,German,1872977,9962311
Minnesota,Ancestry,German,1788864,5576606
Mississippi,Ancestry,German,135412,2984100
Missouri,Ancestry,German,1376052,6113532
Montana,Ancestry,German,257943,1050493
Nebraska,Ancestry,German,639797,1920076
Nevada,Ancestry,German,306998,2998039
New Hampshire,Ancestry,German,121796,1342795
New Jersey,Ancestry,German,882264,9005644
New Mexico,Ancestry,German,162734,2088070
New York,Ancestry,German,1858381,19849399
North Carolina,Ancestry,German,1023048,10273419
North Dakota,Ancestry,German,284153,755393
Ohio,Ancestry,German,2764036,11658609
Oklahoma,Ancestry,German,488933,3930864
Oregon,Ancestry,German,712564,4142776
Pennsylvania,Ancestry,German,2939568,12805537
Rhode Island,Ancestry,German,53174,1059639
South Carolina,Ancestry,German,470947,5024369
South Dakota,Ancestry,German,321571,869666
Tennessee,Ancestry,German,620457,6715984
Texas,Ancestry,German,2443965,28304596
Utah,Ancestry,German,327632,3101833
Vermont,Ancestry,German,58967,623657
Virginia,Ancestry,German,878899,8470020
Washington,Ancestry,German,1211913,7405743
West Virginia,Ancestry,German,286473,1815857
Wisconsin,Ancestry,German,2237337,5795483
Wyoming,Ancestry,German,133674,579315
Alabama,Ancestry,Greek,11088,4874747
Alaska,Ancestry,Greek,1346,739795
Arizona,Ancestry,Greek,20064,7016270
Arkansas,Ancestry,Greek,4732,3004279
California,Ancestry,Greek,128600,39536653
Colorado,Ancestry,Greek,22527,5607154
Connecticut,Ancestry,Greek,26239,3588184
Delaware,Ancestry,Greek,5271,961939
District of Columbia,Ancestry,Greek,2103,693972
Florida,Ancestry,Greek,93930,20984400
Georgia,Ancestry,Greek,22935,10429379
Hawaii,Ancestry,Greek,2347,1427538
Idaho,Ancestry,Greek,4144,1716943
Illinois,Ancestry,Greek,96926,12802023
Indiana,Ancestry,Greek,21474,6666818
Iowa,Ancestry,Greek,6185,3145711
Kansas,Ancestry,Greek,4995,2913123
Kentucky,Ancestry,Greek,5356,4454189
Louisiana,Ancestry,Greek,4311,4684333
Maine,Ancestry,Greek,7126,1335907
Maryland,Ancestry,Greek,32390,6052177
Massachusetts,Ancestry,Greek,77499,6859819
Michigan,Ancestry,Greek,41769,9962311
Minnesota,Ancestry,Greek,11204,5576606
Mississippi,Ancestry,Greek,4249,2984100
Missouri,Ancestry,Greek,13753,6113532
Montana,Ancestry,Greek,2752,1050493
Nebraska,Ancestry,Greek,4623,1920076
Nevada,Ancestry,Greek,12018,2998039
New Hampshire,Ancestry,Greek,17559,1342795
New Jersey,Ancestry,Greek,59789,9005644
New Mexico,Ancestry,Greek,3534,2088070
New York,Ancestry,Greek,136615,19849399
North Carolina,Ancestry,Greek,25112,10273419
North Dakota,Ancestry,Greek,614,755393
Ohio,Ancestry,Greek,54168,11658609
Oklahoma,Ancestry,Greek,4946,3930864
Oregon,Ancestry,Greek,14278,4142776
Pennsylvania,Ancestry,Greek,60780,12805537
Rhode Island,Ancestry,Greek,5664,1059639
South Carolina,Ancestry,Greek,12014,5024369
South Dakota,Ancestry,Greek,1066,869666
Tennessee,Ancestry,Greek,14547,6715984
Texas,Ancestry,Greek,45862,28304596
Utah,Ancestry,Greek,12306,3101833
Vermont,Ancestry,Greek,2748,623657
Virginia,Ancestry,Greek,27812,8470020
Washington,Ancestry,Greek,29792,7405743
West Virginia,Ancestry,Greek,4568,1815857
Wisconsin,Ancestry,Greek,18415,5795483
Wyoming,Ancestry,Greek,1950,579315
Alabama,Ancestry,Hungarian,6659,4874747
Alaska,Ancestry,Hungarian,2080,739795
Arizona,Ancestry,Hungarian,29093,7016270
Arkansas,Ancestry,Hungarian,2097,3004279
California,Ancestry,Hungarian,112695,39536653
Colorado,Ancestry,Hungarian,21302,5607154
Connecticut,Ancestry,Hungarian,31938,3588184
Delaware,Ancestry,Hungarian,4544,961939
District of Columbia,Ancestry,Hungarian,2327,693972
Florida,Ancestry,Hungarian,94110,20984400
Georgia,Ancestry,Hungarian,18607,10429379
Hawaii,Ancestry,Hungarian,2400,1427538
Idaho,Ancestry,Hungarian,4420,1716943
Illinois,Ancestry,Hungarian,50611,12802023
Indiana,Ancestry,Hungarian,41048,6666818
Iowa,Ancestry,Hungarian,3055,3145711
Kansas,Ancestry,Hungarian,4486,2913123
Kentucky,Ancestry,Hungarian,8924,4454189
Louisiana,Ancestry,Hungarian,7159,4684333
Maine,Ancestry,Hungarian,3871,1335907
Maryland,Ancestry,Hungarian,21782,6052177
Massachusetts,Ancestry,Hungarian,18833,6859819
Michigan,Ancestry,Hungarian,91332,9962311
Minnesota,Ancestry,Hungarian,12671,5576606
Mississippi,Ancestry,Hungarian,2377,2984100
Missouri,Ancestry,Hungarian,12576,6113532
Montana,Ancestry,Hungarian,3018,1050493
Nebraska,Ancestry,Hungarian,2846,1920076
Nevada,Ancestry,Hungarian,10411,2998039
New Hampshire,Ancestry,Hungarian,3924,1342795
New Jersey,Ancestry,Hungarian,95398,9005644
New Mexico,Ancestry,Hungarian,3404,2088070
New York,Ancestry,Hungarian,135289,19849399
North Carolina,Ancestry,Hungarian,24302,10273419
North Dakota,Ancestry,Hungarian,2294,755393
Ohio,Ancestry,Hungarian,191541,11658609
Oklahoma,Ancestry,Hungarian,3309,3930864
Oregon,Ancestry,Hungarian,14165,4142776
Pennsylvania,Ancestry,Hungarian,118800,12805537
Rhode Island,Ancestry,Hungarian,2371,1059639
South Carolina,Ancestry,Hungarian,12579,5024369
South Dakota,Ancestry,Hungarian,1644,869666
Tennessee,Ancestry,Hungarian,10101,6715984
Texas,Ancestry,Hungarian,37937,28304596
Utah,Ancestry,Hungarian,4505,3101833
Vermont,Ancestry,Hungarian,2586,623657
Virginia,Ancestry,Hungarian,31567,8470020
Washington,Ancestry,Hungarian,19834,7405743
West Virginia,Ancestry,Hungarian,7625,1815857
Wisconsin,Ancestry,Hungarian,20373,5795483
Wyoming,Ancestry,Hungarian,2683,579315
Alabama,Ancestry,Irish,380766,4874747
Alaska,Ancestry,Irish,72549,739795
Arizona,Ancestry,Irish,589221,7016270
Arkansas,Ancestry,Irish,279122,3004279
California,Ancestry,Irish,2323593,39536653
Colorado,Ancestry,Irish,618500,5607154
Connecticut,Ancestry,Irish,546383,3588184
Delaware,Ancestry,Irish,131890,961939
District of Columbia,Ancestry,Irish,48683,693972
Florida,Ancestry,Irish,1723519,20984400
Georgia,Ancestry,Irish,736848,10429379
Hawaii,Ancestry,Irish,64973,1427538
Idaho,Ancestry,Irish,148977,1716943
Illinois,Ancestry,Irish,1437162,12802023
Indiana,Ancestry,Irish,714303,6666818
Iowa,Ancestry,Irish,403179,3145711
Kansas,Ancestry,Irish,331499,2913123
Kentucky,Ancestry,Irish,501924,4454189
Louisiana,Ancestry,Irish,309946,4684333
Maine,Ancestry,Irish,219611,1335907
Maryland,Ancestry,Irish,600962,6052177
Massachusetts,Ancestry,Irish,1390013,6859819
Michigan,Ancestry,Irish,1019116,9962311
Minnesota,Ancestry,Irish,567933,5576606
Mississippi,Ancestry,Irish,199449,2984100
Missouri,Ancestry,Irish,753797,6113532
Montana,Ancestry,Irish,138837,1050493
Nebraska,Ancestry,Irish,226025,1920076
Nevada,Ancestry,Irish,250268,2998039
New Hampshire,Ancestry,Irish,276506,1342795
New Jersey,Ancestry,Irish,1203607,9005644
New Mexico,Ancestry,Irish,123150,2088070
New York,Ancestry,Irish,2201422,19849399
North Carolina,Ancestry,Irish,845007,10273419
North Dakota,Ancestry,Irish,64015,755393
Ohio,Ancestry,Irish,1453131,11658609
Oklahoma,Ancestry,Irish,397742,3930864
Oregon,Ancestry,Irish,446541,4142776
Pennsylvania,Ancestry,Irish,1991887,12805537
Rhode Island,Ancestry,Irish,187403,1059639
South Carolina,Ancestry,Irish,446893,5024369
South Dakota,Ancestry,Irish,85540,869666
Tennessee,Ancestry,Irish,611925,6715984
Texas,Ancestry,Irish,1689177,28304596
Utah,Ancestry,Irish,182769,3101833
Vermont,Ancestry,Irish,98349,623657
Virginia,Ancestry,Irish,756901,8470020
Washington,Ancestry,Irish,775763,7405743
West Virginia,Ancestry,Irish,233578,1815857
Wisconsin,Ancestry,Irish,611903,5795483
Wyoming,Ancestry,Irish,66975,579315
Alabama,Ancestry,Italian,81045,4874747
Alaska,Ancestry,Italian,19204,739795
Arizona,Ancestry,Italian,291027,7016270
Arkansas,Ancestry,Italian,50555,3004279
California,Ancestry,Italian,1406170,39536653
Colorado,Ancestry,Italian,271111,5607154
Connecticut,Ancestry,Italian,597056,3588184
Delaware,Ancestry,Italian,80668,961939
District of Columbia,Ancestry,Italian,26434,693972
Florida,Ancestry,Italian,1188927,20984400
Georgia,Ancestry,Italian,229637,10429379
Hawaii,Ancestry,Italian,30864,1427538
Idaho,Ancestry,Italian,46110,1716943
Illinois,Ancestry,Italian,732575,12802023
Indiana,Ancestry,Italian,181167,6666818
Iowa,Ancestry,Italian,63845,3145711
Kansas,Ancestry,Italian,68483,2913123
Kentucky,Ancestry,Italian,94778,4454189
Louisiana,Ancestry,Italian,223740,4684333
Maine,Ancestry,Italian,79863,1335907
Maryland,Ancestry,Italian,305482,6052177
Massachusetts,Ancestry,Italian,820425,6859819
Michigan,Ancestry,Italian,454930,9962311
Minnesota,Ancestry,Italian,125714,5576606
Mississippi,Ancestry,Italian,52215,2984100
Missouri,Ancestry,Italian,210634,6113532
Montana,Ancestry,Italian,36832,1050493
Nebraska,Ancestry,Italian,51971,1920076
Nevada,Ancestry,Italian,154952,2998039
New Hampshire,Ancestry,Italian,129048,1342795
New Jersey,Ancestry,Italian,1379887,9005644
New Mexico,Ancestry,Italian,44083,2088070
New York,Ancestry,Italian,2384306,19849399
North Carolina,Ancestry,Italian,331583,10273419
North Dakota,Ancestry,Italian,9523,755393
Ohio,Ancestry,Italian,710767,11658609
Oklahoma,Ancestry,Italian,65984,3930864
Oregon,Ancestry,Italian,155783,4142776
Pennsylvania,Ancestry,Italian,1433860,12805537
Rhode Island,Ancestry,Italian,181261,1059639
South Carolina,Ancestry,Italian,156650,5024369
South Dakota,Ancestry,Italian,11944,869666
Tennessee,Ancestry,Italian,155354,6715984
Texas,Ancestry,Italian,507920,28304596
Utah,Ancestry,Italian,90181,3101833
Vermont,Ancestry,Italian,44734,623657
Virginia,Ancestry,Italian,328249,8470020
Washington,Ancestry,Italian,263093,7405743
West Virginia,Ancestry,Italian,73762,1815857
Wisconsin,Ancestry,Italian,198581,5795483
Wyoming,Ancestry,Italian,17707,579315
Alabama,Ancestry,Lithuanian,1682,4874747
Alaska,Ancestry,Lithuanian,1135,739795
Arizona,Ancestry,Lithuanian,10929,7016270
Arkansas,Ancestry,Lithuanian,1707,3004279
California,Ancestry,Lithuanian,44237,39536653
Colorado,Ancestry,Lithuanian,10850,5607154
Connecticut,Ancestry,Lithuanian,25206,3588184
Delaware,Ancestry,Lithuanian,2416,961939
District of Columbia,Ancestry,Lithuanian,1955,693972
Florida,Ancestry,Lithuanian,37181,20984400
Georgia,Ancestry,Lithuanian,8458,10429379
Hawaii,Ancestry,Lithuanian,788,1427538
Idaho,Ancestry,Lithuanian,899,1716943
Illinois,Ancestry,Lithuanian,78856,12802023
Indiana,Ancestry,Lithuanian,9598,6666818
Iowa,Ancestry,Lithuanian,3454,3145711
Kansas,Ancestry,Lithuanian,2731,2913123
Kentucky,Ancestry,Lithuanian,2631,4454189
Louisiana,Ancestry,Lithuanian,1453,4684333
Maine,Ancestry,Lithuanian,5758,1335907
Maryland,Ancestry,Lithuanian,16061,6052177
Massachusetts,Ancestry,Lithuanian,44633,6859819
Michigan,Ancestry,Lithuanian,26567,9962311
Minnesota,Ancestry,Lithuanian,6767,5576606
Mississippi,Ancestry,Lithuanian,704,2984100
Missouri,Ancestry,Lithuanian,4608,6113532
Montana,Ancestry,Lithuanian,1427,1050493
Nebraska,Ancestry,Lithuanian,2131,1920076
Nevada,Ancestry,Lithuanian,4302,2998039
New Hampshire,Ancestry,Lithuanian,7447,1342795
New Jersey,Ancestry,Lithuanian,31407,9005644
New Mexico,Ancestry,Lithuanian,1876,2088070
New York,Ancestry,Lithuanian,42645,19849399
North Carolina,Ancestry,Lithuanian,11280,10273419
North Dakota,Ancestry,Lithuanian,271,755393
Ohio,Ancestry,Lithuanian,22703,11658609
Oklahoma,Ancestry,Lithuanian,2769,3930864
Oregon,Ancestry,Lithuanian,6508,4142776
Pennsylvania,Ancestry,Lithuanian,70623,12805537
Rhode Island,Ancestry,Lithuanian,3793,1059639
South Carolina,Ancestry,Lithuanian,5211,5024369
South Dakota,Ancestry,Lithuanian,202,869666
Tennessee,Ancestry,Lithuanian,2969,6715984
Texas,Ancestry,Lithuanian,16245,28304596
Utah,Ancestry,Lithuanian,1904,3101833
Vermont,Ancestry,Lithuanian,2310,623657
Virginia,Ancestry,Lithuanian,14348,8470020
Washington,Ancestry,Lithuanian,12221,7405743
West Virginia,Ancestry,Lithuanian,1452,1815857
Wisconsin,Ancestry,Lithuanian,13067,5795483
Wyoming,Ancestry,Lithuanian,274,579315
Alabama,Ancestry,Norwegian,14756,4874747
Alaska,Ancestry,Norwegian,24308,739795
Arizona,Ancestry,Norwegian,113000,7016270
Arkansas,Ancestry,Norwegian,16223,3004279
California,Ancestry,Norwegian,346064,39536653
Colorado,Ancestry,Norwegian,122082,5607154
Connecticut,Ancestry,Norwegian,20266,3588184
Delaware,Ancestry,Norwegian,3483,961939
District of Columbia,Ancestry,Norwegian,4998,693972
Florida,Ancestry,Norwegian,125036,20984400
Georgia,Ancestry,Norwegian,36589,10429379
Hawaii,Ancestry,Norwegian,9689,1427538
Idaho,Ancestry,Norwegian,45376,1716943
Illinois,Ancestry,Norwegian,153741,12802023
Indiana,Ancestry,Norwegian,34338,6666818
Iowa,Ancestry,Norwegian,149537,3145711
Kansas,Ancestry,Norwegian,27740,2913123
Kentucky,Ancestry,Norwegian,11704,4454189
Louisiana,Ancestry,Norwegian,11007,4684333
Maine,Ancestry,Norwegian,9069,1335907
Maryland,Ancestry,Norwegian,23991,6052177
Massachusetts,Ancestry,Norwegian,38356,6859819
Michigan,Ancestry,Norwegian,78893,9962311
Minnesota,Ancestry,Norwegian,786298,5576606
Mississippi,Ancestry,Norwegian,9506,2984100
Missouri,Ancestry,Norwegian,42065,6113532
Montana,Ancestry,Norwegian,87395,1050493
Nebraska,Ancestry,Norwegian,35261,1920076
Nevada,Ancestry,Norwegian,37574,2998039
New Hampshire,Ancestry,Norwegian,12927,1342795
New Jersey,Ancestry,Norwegian,41902,9005644
New Mexico,Ancestry,Norwegian,12603,2088070
New York,Ancestry,Norwegian,80302,19849399
North Carolina,Ancestry,Norwegian,48198,10273419
North Dakota,Ancestry,Norwegian,190969,755393
Ohio,Ancestry,Norwegian,44686,11658609
Oklahoma,Ancestry,Norwegian,24620,3930864
Oregon,Ancestry,Norwegian,140055,4142776
Pennsylvania,Ancestry,Norwegian,41346,12805537
Rhode Island,Ancestry,Norwegian,2663,1059639
South Carolina,Ancestry,Norwegian,18510,5024369
South Dakota,Ancestry,Norwegian,116569,869666
Tennessee,Ancestry,Norwegian,27777,6715984
Texas,Ancestry,Norwegian,138181,28304596
Utah,Ancestry,Norwegian,68312,3101833
Vermont,Ancestry,Norwegian,6502,623657
Virginia,Ancestry,Norwegian,50381,8470020
Washington,Ancestry,Norwegian,362894,7405743
West Virginia,Ancestry,Norwegian,5356,1815857
Wisconsin,Ancestry,Norwegian,424328,5795483
Wyoming,Ancestry,Norwegian,18555,579315
Alabama,Ancestry,Polish,29948,4874747
Alaska,Ancestry,Polish,14036,739795
Arizona,Ancestry,Polish,155513,7016270
Arkansas,Ancestry,Polish,22952,3004279
California,Ancestry,Polish,461983,39536653
Colorado,Ancestry,Polish,138811,5607154
Connecticut,Ancestry,Polish,260387,3588184
Delaware,Ancestry,Polish,39788,961939
District of Columbia,Ancestry,Polish,18128,693972
Florida,Ancestry,Polish,482519,20984400
Georgia,Ancestry,Polish,109963,10429379
Hawaii,Ancestry,Polish,12473,1427538
Idaho,Ancestry,Polish,21016,1716943
Illinois,Ancestry,Polish,855008,12802023
Indiana,Ancestry,Polish,200970,6666818
Iowa,Ancestry,Polish,43140,3145711
Kansas,Ancestry,Polish,41441,2913123
Kentucky,Ancestry,Polish,41367,4454189
Louisiana,Ancestry,Polish,20526,4684333
Maine,Ancestry,Polish,31035,1335907
Maryland,Ancestry,Polish,170257,6052177
Massachusetts,Ancestry,Polish,301142,6859819
Michigan,Ancestry,Polish,808648,9962311
Minnesota,Ancestry,Polish,247945,5576606
Mississippi,Ancestry,Polish,9818,2984100
Missouri,Ancestry,Polish,93452,6113532
Montana,Ancestry,Polish,21037,1050493
Nebraska,Ancestry,Polish,66024,1920076
Nevada,Ancestry,Polish,58215,2998039
New Hampshire,Ancestry,Polish,55811,1342795
New Jersey,Ancestry,Polish,483100,9005644
New Mexico,Ancestry,Polish,17858,2088070
New York,Ancestry,Polish,859932,19849399
North Carolina,Ancestry,Polish,148768,10273419
North Dakota,Ancestry,Polish,16208,755393
Ohio,Ancestry,Polish,424218,11658609
Oklahoma,Ancestry,Polish,28735,3930864
Oregon,Ancestry,Polish,71118,4142776
Pennsylvania,Ancestry,Polish,778150,12805537
Rhode Island,Ancestry,Polish,36707,1059639
South Carolina,Ancestry,Polish,69651,5024369
South Dakota,Ancestry,Polish,14529,869666
Tennessee,Ancestry,Polish,75790,6715984
Texas,Ancestry,Polish,285567,28304596
Utah,Ancestry,Polish,26882,3101833
Vermont,Ancestry,Polish,22606,623657
Virginia,Ancestry,Polish,147029,8470020
Washington,Ancestry,Polish,137750,7405743
West Virginia,Ancestry,Polish,29910,1815857
Wisconsin,Ancestry,Polish,494185,5795483
Wyoming,Ancestry,Polish,10039,579315
Alabama,Ancestry,Portuguese,3127,4874747
Alaska,Ancestry,Portuguese,1487,739795
Arizona,Ancestry,Portuguese,15450,7016270
Arkansas,Ancestry,Portuguese,1946,3004279
California,Ancestry,Portuguese,345186,39536653
Colorado,Ancestry,Portuguese,11468,5607154
Connecticut,Ancestry,Portuguese,47576,3588184
Delaware,Ancestry,Portuguese,1081,961939
District of Columbia,Ancestry,Portuguese,2259,693972
Florida,Ancestry,Portuguese,88595,20984400
Georgia,Ancestry,Portuguese,10208,10429379
Hawaii,Ancestry,Portuguese,53330,1427538
Idaho,Ancestry,Portuguese,6471,1716943
Illinois,Ancestry,Portuguese,8111,12802023
Indiana,Ancestry,Portuguese,6083,6666818
Iowa,Ancestry,Portuguese,2052,3145711
Kansas,Ancestry,Portuguese,1448,2913123
Kentucky,Ancestry,Portuguese,3434,4454189
Louisiana,Ancestry,Portuguese,3547,4684333
Maine,Ancestry,Portuguese,8476,1335907
Maryland,Ancestry,Portuguese,13237,6052177
Massachusetts,Ancestry,Portuguese,276670,6859819
Michigan,Ancestry,Portuguese,7297,9962311
Minnesota,Ancestry,Portuguese,3908,5576606
Mississippi,Ancestry,Portuguese,1240,2984100
Missouri,Ancestry,Portuguese,5298,6113532
Montana,Ancestry,Portuguese,2360,1050493
Nebraska,Ancestry,Portuguese,1457,1920076
Nevada,Ancestry,Portuguese,16665,2998039
New Hampshire,Ancestry,Portuguese,20350,1342795
New Jersey,Ancestry,Portuguese,80684,9005644
New Mexico,Ancestry,Portuguese,4122,2088070
New York,Ancestry,Portuguese,49995,19849399
North Carolina,Ancestry,Portuguese,18102,10273419
North Dakota,Ancestry,Portuguese,1690,755393
Ohio,Ancestry,Portuguese,10722,11658609
Oklahoma,Ancestry,Portuguese,4595,3930864
Oregon,Ancestry,Portuguese,18617,4142776
Pennsylvania,Ancestry,Portuguese,21863,12805537
Rhode Island,Ancestry,Portuguese,89767,1059639
South Carolina,Ancestry,Portuguese,8004,5024369
South Dakota,Ancestry,Portuguese,841,869666
Tennessee,Ancestry,Portuguese,5760,6715984
Texas,Ancestry,Portuguese,34560,28304596
Utah,Ancestry,Portuguese,5805,3101833
Vermont,Ancestry,Portuguese,3085,623657
Virginia,Ancestry,Portuguese,16415,8470020
Washington,Ancestry,Portuguese,23251,7405743
West Virginia,Ancestry,Portuguese,796,1815857
Wisconsin,Ancestry,Portuguese,2383,5795483
Wyoming,Ancestry,Portuguese,827,579315
Alabama,Ancestry,Russian,5475,4874747
Alaska,Ancestry,Russian,9232,739795
Arizona,Ancestry,Russian,50443,7016270
Arkansas,Ancestry,Russian,4866,3004279
California,Ancestry,Russian,387129,39536653
Colorado,Ancestry,Russian,55768,5607154
Connecticut,Ancestry,Russian,56155,3588184
Delaware,Ancestry,Russian,8613,961939
District of Columbia,Ancestry,Russian,11219,693972
Florida,Ancestry,Russian,196798,20984400
Georgia,Ancestry,Russian,43877,10429379
Hawaii,Ancestry,Russian,5856,1427538
Idaho,Ancestry,Russian,7667,1716943
Illinois,Ancestry,Russian,109493,12802023
Indiana,Ancestry,Russian,19668,6666818
Iowa,Ancestry,Russian,8328,3145711
Kansas,Ancestry,Russian,18504,2913123
Kentucky,Ancestry,Russian,9531,4454189
Louisiana,Ancestry,Russian,9642,4684333
Maine,Ancestry,Russian,7885,1335907
Maryland,Ancestry,Russian,65732,6052177
Massachusetts,Ancestry,Russian,93583,6859819
Michigan,Ancestry,Russian,73363,9962311
Minnesota,Ancestry,Russian,34851,5576606
Mississippi,Ancestry,Russian,3110,2984100
Missouri,Ancestry,Russian,28687,6113532
Montana,Ancestry,Russian,8223,1050493
Nebraska,Ancestry,Russian,10900,1920076
Nevada,Ancestry,Russian,24132,2998039
New Hampshire,Ancestry,Russian,12262,1342795
New Jersey,Ancestry,Russian,163559,9005644
New Mexico,Ancestry,Russian,5276,2088070
New York,Ancestry,Russian,379572,19849399
North Carolina,Ancestry,Russian,42213,10273419
North Dakota,Ancestry,Russian,19864,755393
Ohio,Ancestry,Russian,62078,11658609
Oklahoma,Ancestry,Russian,8740,3930864
Oregon,Ancestry,Russian,49258,4142776
Pennsylvania,Ancestry,Russian,160789,12805537
Rhode Island,Ancestry,Russian,8248,1059639
South Carolina,Ancestry,Russian,16586,5024369
South Dakota,Ancestry,Russian,10851,869666
Tennessee,Ancestry,Russian,18160,6715984
Texas,Ancestry,Russian,80463,28304596
Utah,Ancestry,Russian,10897,3101833
Vermont,Ancestry,Russian,6883,623657
Virginia,Ancestry,Russian,50257,8470020
Washington,Ancestry,Russian,80936,7405743
West Virginia,Ancestry,Russian,5994,1815857
Wisconsin,Ancestry,Russian,41372,5795483
Wyoming,Ancestry,Russian,5424,579315
Alabama,Ancestry,Scotch-Irish,71276,4874747
Alaska,Ancestry,Scotch-Irish,10665,739795
Arizona,Ancestry,Scotch-Irish,53934,7016270
Arkansas,Ancestry,Scotch-Irish,34386,3004279
California,Ancestry,Scotch-Irish,210470,39536653
Colorado,Ancestry,Scotch-Irish,68469,5607154
Connecticut,Ancestry,Scotch-Irish,18513,3588184
Delaware,Ancestry,Scotch-Irish,6372,961939
District of Columbia,Ancestry,Scotch-Irish,4329,693972
Florida,Ancestry,Scotch-Irish,163378,20984400
Georgia,Ancestry,Scotch-Irish,117586,10429379
Hawaii,Ancestry,Scotch-Irish,5389,1427538
Idaho,Ancestry,Scotch-Irish,16468,1716943
Illinois,Ancestry,Scotch-Irish,71801,12802023
Indiana,Ancestry,Scotch-Irish,54098,6666818
Iowa,Ancestry,Scotch-Irish,22061,3145711
Kansas,Ancestry,Scotch-Irish,33158,2913123
Kentucky,Ancestry,Scotch-Irish,58953,4454189
Louisiana,Ancestry,Scotch-Irish,37090,4684333
Maine,Ancestry,Scotch-Irish,21848,1335907
Maryland,Ancestry,Scotch-Irish,41930,6052177
Massachusetts,Ancestry,Scotch-Irish,41476,6859819
Michigan,Ancestry,Scotch-Irish,70665,9962311
Minnesota,Ancestry,Scotch-Irish,27401,5576606
Mississippi,Ancestry,Scotch-Irish,38197,2984100
Missouri,Ancestry,Scotch-Irish,71507,6113532
Montana,Ancestry,Scotch-Irish,15723,1050493
Nebraska,Ancestry,Scotch-Irish,14156,1920076
Nevada,Ancestry,Scotch-Irish,20215,2998039
New Hampshire,Ancestry,Scotch-Irish,14064,1342795
New Jersey,Ancestry,Scotch-Irish,31716,9005644
New Mexico,Ancestry,Scotch-Irish,14605,2088070
New York,Ancestry,Scotch-Irish,67707,19849399
North Carolina,Ancestry,Scotch-Irish,247427,10273419
North Dakota,Ancestry,Scotch-Irish,3968,755393
Ohio,Ancestry,Scotch-Irish,111371,11658609
Oklahoma,Ancestry,Scotch-Irish,37519,3930864
Oregon,Ancestry,Scotch-Irish,48537,4142776
Pennsylvania,Ancestry,Scotch-Irish,147981,12805537
Rhode Island,Ancestry,Scotch-Irish,6346,1059639
South Carolina,Ancestry,Scotch-Irish,121722,5024369
South Dakota,Ancestry,Scotch-Irish,6599,869666
Tennessee,Ancestry,Scotch-Irish,142474,6715984
Texas,Ancestry,Scotch-Irish,263838,28304596
Utah,Ancestry,Scotch-Irish,21035,3101833
Vermont,Ancestry,Scotch-Irish,8242,623657
Virginia,Ancestry,Scotch-Irish,129876,8470020
Washington,Ancestry,Scotch-Irish,94821,7405743
West Virginia,Ancestry,Scotch-Irish,32066,1815857
Wisconsin,Ancestry,Scotch-Irish,26151,5795483
Wyoming,Ancestry,Scotch-Irish,8143,579315
Alabama,Ancestry,Scottish,81349,4874747
Alaska,Ancestry,Scottish,15956,739795
Arizona,Ancestry,Scottish,114724,7016270
Arkansas,Ancestry,Scottish,51342,3004279
California,Ancestry,Scottish,480994,39536653
Colorado,Ancestry,Scottish,141910,5607154
Connecticut,Ancestry,Scottish,57880,3588184
Delaware,Ancestry,Scottish,14390,961939
District of Columbia,Ancestry,Scottish,8780,693972
Florida,Ancestry,Scottish,308044,20984400
Georgia,Ancestry,Scottish,180276,10429379
Hawaii,Ancestry,Scottish,18385,1427538
Idaho,Ancestry,Scottish,56520,1716943
Illinois,Ancestry,Scottish,142142,12802023
Indiana,Ancestry,Scottish,110528,6666818
Iowa,Ancestry,Scottish,45489,3145711
Kansas,Ancestry,Scottish,58034,2913123
Kentucky,Ancestry,Scottish,81048,4454189
Louisiana,Ancestry,Scottish,48799,4684333
Maine,Ancestry,Scottish,59458,1335907
Maryland,Ancestry,Scottish,93788,6052177
Massachusetts,Ancestry,Scottish,145044,6859819
Michigan,Ancestry,Scottish,217231,9962311
Minnesota,Ancestry,Scottish,67619,5576606
Mississippi,Ancestry,Scottish,45007,2984100
Missouri,Ancestry,Scottish,103322,6113532
Montana,Ancestry,Scottish,29024,1050493
Nebraska,Ancestry,Scottish,27775,1920076
Nevada,Ancestry,Scottish,45880,2998039
New Hampshire,Ancestry,Scottish,54740,1342795
New Jersey,Ancestry,Scottish,89940,9005644
New Mexico,Ancestry,Scottish,30149,2088070
New York,Ancestry,Scottish,203436,19849399
North Carolina,Ancestry,Scottish,236098,10273419
North Dakota,Ancestry,Scottish,8809,755393
Ohio,Ancestry,Scottish,206673,11658609
Oklahoma,Ancestry,Scottish,69909,3930864
Oregon,Ancestry,Scottish,116390,4142776
Pennsylvania,Ancestry,Scottish,197306,12805537
Rhode Island,Ancestry,Scottish,18219,1059639
South Carolina,Ancestry,Scottish,112274,5024369
South Dakota,Ancestry,Scottish,10794,869666
Tennessee,Ancestry,Scottish,137843,6715984
Texas,Ancestry,Scottish,386360,28304596
Utah,Ancestry,Scottish,138859,3101833
Vermont,Ancestry,Scottish,27716,623657
Virginia,Ancestry,Scottish,177376,8470020
Washington,Ancestry,Scottish,203465,7405743
West Virginia,Ancestry,Scottish,43813,1815857
Wisconsin,Ancestry,Scottish,58576,5795483
Wyoming,Ancestry,Scottish,19888,579315
Alabama,Ancestry,Slovak,1459,4874747
Alaska,Ancestry,Slovak,490,739795
Arizona,Ancestry,Slovak,6786,7016270
Arkansas,Ancestry,Slovak,1587,3004279
California,Ancestry,Slovak,27397,39536653
Colorado,Ancestry,Slovak,8475,5607154
Connecticut,Ancestry,Slovak,19044,3588184
Delaware,Ancestry,Slovak,1783,961939
District of Columbia,Ancestry,Slovak,1297,693972
Florida,Ancestry,Slovak,33322,20984400
Georgia,Ancestry,Slovak,7613,10429379
Hawaii,Ancestry,Slovak,944,1427538
Idaho,Ancestry,Slovak,513,1716943
Illinois,Ancestry,Slovak,34267,12802023
Indiana,Ancestry,Slovak,18330,6666818
Iowa,Ancestry,Slovak,1507,3145711
Kansas,Ancestry,Slovak,1571,2913123
Kentucky,Ancestry,Slovak,3061,4454189
Louisiana,Ancestry,Slovak,731,4684333
Maine,Ancestry,Slovak,1848,1335907
Maryland,Ancestry,Slovak,11360,6052177
Massachusetts,Ancestry,Slovak,5280,6859819
Michigan,Ancestry,Slovak,24871,9962311
Minnesota,Ancestry,Slovak,7133,5576606
Mississippi,Ancestry,Slovak,229,2984100
Missouri,Ancestry,Slovak,3821,6113532
Montana,Ancestry,Slovak,1166,1050493
Nebraska,Ancestry,Slovak,371,1920076
Nevada,Ancestry,Slovak,2912,2998039
New Hampshire,Ancestry,Slovak,1238,1342795
New Jersey,Ancestry,Slovak,34412,9005644
New Mexico,Ancestry,Slovak,1361,2088070
New York,Ancestry,Slovak,27355,19849399
North Carolina,Ancestry,Slovak,10129,10273419
North Dakota,Ancestry,Slovak,267,755393
Ohio,Ancestry,Slovak,114544,11658609
Oklahoma,Ancestry,Slovak,1078,3930864
Oregon,Ancestry,Slovak,3074,4142776
Pennsylvania,Ancestry,Slovak,190139,12805537
Rhode Island,Ancestry,Slovak,873,1059639
South Carolina,Ancestry,Slovak,5254,5024369
South Dakota,Ancestry,Slovak,457,869666
Tennessee,Ancestry,Slovak,3954,6715984
Texas,Ancestry,Slovak,11463,28304596
Utah,Ancestry,Slovak,1402,3101833
Vermont,Ancestry,Slovak,994,623657
Virginia,Ancestry,Slovak,12654,8470020
Washington,Ancestry,Slovak,6559,7405743
West Virginia,Ancestry,Slovak,3011,1815857
Wisconsin,Ancestry,Slovak,10938,5795483
Wyoming,Ancestry,Slovak,357,579315
Alabama,Ancestry,Subsaharan African,63562,4874747
Alaska,Ancestry,Subsaharan African,6795,739795
Arizona,Ancestry,Subsaharan African,48751,7016270
Arkansas,Ancestry,Subsaharan African,14932,3004279
California,Ancestry,Subsaharan African,292932,39536653
Colorado,Ancestry,Subsaharan African,51500,5607154
Connecticut,Ancestry,Subsaharan African,31175,3588184
Delaware,Ancestry,Subsaharan African,16697,961939
District of Columbia,Ancestry,Subsaharan African,25283,693972
Florida,Ancestry,Subsaharan African,166493,20984400
Georgia,Ancestry,Subsaharan African,192625,10429379
Hawaii,Ancestry,Subsaharan African,3428,1427538
Idaho,Ancestry,Subsaharan African,4388,1716943
Illinois,Ancestry,Subsaharan African,111895,12802023
Indiana,Ancestry,Subsaharan African,65826,6666818
Iowa,Ancestry,Subsaharan African,26474,3145711
Kansas,Ancestry,Subsaharan African,20961,2913123
Kentucky,Ancestry,Subsaharan African,40339,4454189
Louisiana,Ancestry,Subsaharan African,90004,4684333
Maine,Ancestry,Subsaharan African,8653,1335907
Maryland,Ancestry,Subsaharan African,268761,6052177
Massachusetts,Ancestry,Subsaharan African,171660,6859819
Michigan,Ancestry,Subsaharan African,82238,9962311
Minnesota,Ancestry,Subsaharan African,179371,5576606
Mississippi,Ancestry,Subsaharan African,17166,2984100
Missouri,Ancestry,Subsaharan African,42804,6113532
Montana,Ancestry,Subsaharan African,1445,1050493
Nebraska,Ancestry,Subsaharan African,17753,1920076
Nevada,Ancestry,Subsaharan African,38777,2998039
New Hampshire,Ancestry,Subsaharan African,7156,1342795
New Jersey,Ancestry,Subsaharan African,116066,9005644
New Mexico,Ancestry,Subsaharan African,8913,2088070
New York,Ancestry,Subsaharan African,299782,19849399
North Carolina,Ancestry,Subsaharan African,146555,10273419
North Dakota,Ancestry,Subsaharan African,8631,755393
Ohio,Ancestry,Subsaharan African,132499,11658609
Oklahoma,Ancestry,Subsaharan African,20799,3930864
Oregon,Ancestry,Subsaharan African,28801,4142776
Pennsylvania,Ancestry,Subsaharan African,119964,12805537
Rhode Island,Ancestry,Subsaharan African,31487,1059639
South Carolina,Ancestry,Subsaharan African,69029,5024369
South Dakota,Ancestry,Subsaharan African,4556,869666
Tennessee,Ancestry,Subsaharan African,73334,6715984
Texas,Ancestry,Subsaharan African,374399,28304596
Utah,Ancestry,Subsaharan African,14117,3101833
Vermont,Ancestry,Subsaharan African,3182,623657
Virginia,Ancestry,Subsaharan African,209084,8470020
Washington,Ancestry,Subsaharan African,88655,7405743
West Virginia,Ancestry,Subsaharan African,12737,1815857
Wisconsin,Ancestry,Subsaharan African,20383,5795483
Wyoming,Ancestry,Subsaharan African,1048,579315
Alabama,Ancestry,Swedish,15619,4874747
Alaska,Ancestry,Swedish,15637,739795
Arizona,Ancestry,Swedish,94109,7016270
Arkansas,Ancestry,Swedish,15068,3004279
California,Ancestry,Swedish,372260,39536653
Colorado,Ancestry,Swedish,122654,5607154
Connecticut,Ancestry,Swedish,52560,3588184
Delaware,Ancestry,Swedish,6584,961939
District of Columbia,Ancestry,Swedish,4053,693972
Florida,Ancestry,Swedish,149157,20984400
Georgia,Ancestry,Swedish,39838,10429379
Hawaii,Ancestry,Swedish,11902,1427538
Idaho,Ancestry,Swedish,45520,1716943
Illinois,Ancestry,Swedish,245479,12802023
Indiana,Ancestry,Swedish,51567,6666818
Iowa,Ancestry,Swedish,76599,3145711
Kansas,Ancestry,Swedish,54939,2913123
Kentucky,Ancestry,Swedish,16095,4454189
Louisiana,Ancestry,Swedish,14144,4684333
Maine,Ancestry,Swedish,24362,1335907
Maryland,Ancestry,Swedish,33488,6052177
Massachusetts,Ancestry,Swedish,106229,6859819
Michigan,Ancestry,Swedish,143194,9962311
Minnesota,Ancestry,Swedish,423231,5576606
Mississippi,Ancestry,Swedish,8531,2984100
Missouri,Ancestry,Swedish,57733,6113532
Montana,Ancestry,Swedish,28479,1050493
Nebraska,Ancestry,Swedish,74191,1920076
Nevada,Ancestry,Swedish,33571,2998039
New Hampshire,Ancestry,Swedish,24701,1342795
New Jersey,Ancestry,Swedish,54217,9005644
New Mexico,Ancestry,Swedish,12239,2088070
New York,Ancestry,Swedish,110990,19849399
North Carolina,Ancestry,Swedish,57869,10273419
North Dakota,Ancestry,Swedish,28032,755393
Ohio,Ancestry,Swedish,71317,11658609
Oklahoma,Ancestry,Swedish,25807,3930864
Oregon,Ancestry,Swedish,98909,4142776
Pennsylvania,Ancestry,Swedish,95275,12805537
Rhode Island,Ancestry,Swedish,16077,1059639
South Carolina,Ancestry,Swedish,21439,5024369
South Dakota,Ancestry,Swedish,28686,869666
Tennessee,Ancestry,Swedish,25719,6715984
Texas,Ancestry,Swedish,142548,28304596
Utah,Ancestry,Swedish,106760,3101833
Vermont,Ancestry,Swedish,9641,623657
Virginia,Ancestry,Swedish,52731,8470020
Washington,Ancestry,Swedish,203660,7405743
West Virginia,Ancestry,Swedish,4697,1815857
Wisconsin,Ancestry,Swedish,142396,5795483
Wyoming,Ancestry,Swedish,12517,579315
Alabama,Ancestry,Swiss,5165,4874747
Alaska,Ancestry,Swiss,2579,739795
Arizona,Ancestry,Swiss,16969,7016270
Arkansas,Ancestry,Swiss,6015,3004279
California,Ancestry,Swiss,102018,39536653
Colorado,Ancestry,Swiss,23703,5607154
Connecticut,Ancestry,Swiss,9747,3588184
Delaware,Ancestry,Swiss,2127,961939
District of Columbia,Ancestry,Swiss,1678,693972
Florida,Ancestry,Swiss,34609,20984400
Georgia,Ancestry,Swiss,11223,10429379
Hawaii,Ancestry,Swiss,2377,1427538
Idaho,Ancestry,Swiss,15352,1716943
Illinois,Ancestry,Swiss,32777,12802023
Indiana,Ancestry,Swiss,38543,6666818
Iowa,Ancestry,Swiss,14797,3145711
Kansas,Ancestry,Swiss,15959,2913123
Kentucky,Ancestry,Swiss,9933,4454189
Louisiana,Ancestry,Swiss,3420,4684333
Maine,Ancestry,Swiss,1768,1335907
Maryland,Ancestry,Swiss,12217,6052177
Massachusetts,Ancestry,Swiss,11141,6859819
Michigan,Ancestry,Swiss,20514,9962311
Minnesota,Ancestry,Swiss,19359,5576606
Mississippi,Ancestry,Swiss,2579,2984100
Missouri,Ancestry,Swiss,26951,6113532
Montana,Ancestry,Swiss,6745,1050493
Nebraska,Ancestry,Swiss,7509,1920076
Nevada,Ancestry,Swiss,7432,2998039
New Hampshire,Ancestry,Swiss,2469,1342795
New Jersey,Ancestry,Swiss,14620,9005644
New Mexico,Ancestry,Swiss,2907,2088070
New York,Ancestry,Swiss,36320,19849399
North Carolina,Ancestry,Swiss,15618,10273419
North Dakota,Ancestry,Swiss,1265,755393
Ohio,Ancestry,Swiss,63656,11658609
Oklahoma,Ancestry,Swiss,6394,3930864
Oregon,Ancestry,Swiss,24817,4142776
Pennsylvania,Ancestry,Swiss,71260,12805537
Rhode Island,Ancestry,Swiss,1016,1059639
South Carolina,Ancestry,Swiss,8661,5024369
South Dakota,Ancestry,Swiss,3106,869666
Tennessee,Ancestry,Swiss,10892,6715984
Texas,Ancestry,Swiss,31266,28304596
Utah,Ancestry,Swiss,35063,3101833
Vermont,Ancestry,Swiss,2159,623657
Virginia,Ancestry,Swiss,23884,8470020
Washington,Ancestry,Swiss,33078,7405743
West Virginia,Ancestry,Swiss,3936,1815857
Wisconsin,Ancestry,Swiss,56320,5795483
Wyoming,Ancestry,Swiss,2491,579315
Alabama,Ancestry,Ukrainian,2505,4874747
Alaska,Ancestry,Ukrainian,3653,739795
Arizona,Ancestry,Ukrainian,11888,7016270
Arkansas,Ancestry,Ukrainian,1651,3004279
California,Ancestry,Ukrainian,116845,39536653
Colorado,Ancestry,Ukrainian,15272,5607154
Connecticut,Ancestry,Ukrainian,18610,3588184
Delaware,Ancestry,Ukrainian,6883,961939
District of Columbia,Ancestry,Ukrainian,3518,693972
Florida,Ancestry,Ukrainian,62391,20984400
Georgia,Ancestry,Ukrainian,13813,10429379
Hawaii,Ancestry,Ukrainian,2041,1427538
Idaho,Ancestry,Ukrainian,4432,1716943
Illinois,Ancestry,Ukrainian,53449,12802023
Indiana,Ancestry,Ukrainian,7662,6666818
Iowa,Ancestry,Ukrainian,1978,3145711
Kansas,Ancestry,Ukrainian,3120,2913123
Kentucky,Ancestry,Ukrainian,3683,4454189
Louisiana,Ancestry,Ukrainian,2635,4684333
Maine,Ancestry,Ukrainian,1749,1335907
Maryland,Ancestry,Ukrainian,22393,6052177
Massachusetts,Ancestry,Ukrainian,28034,6859819
Michigan,Ancestry,Ukrainian,35017,9962311
Minnesota,Ancestry,Ukrainian,16317,5576606
Mississippi,Ancestry,Ukrainian,694,2984100
Missouri,Ancestry,Ukrainian,6327,6113532
Montana,Ancestry,Ukrainian,2710,1050493
Nebraska,Ancestry,Ukrainian,2302,1920076
Nevada,Ancestry,Ukrainian,4645,2998039
New Hampshire,Ancestry,Ukrainian,4281,1342795
New Jersey,Ancestry,Ukrainian,65300,9005644
New Mexico,Ancestry,Ukrainian,2040,2088070
New York,Ancestry,Ukrainian,133161,19849399
North Carolina,Ancestry,Ukrainian,17116,10273419
North Dakota,Ancestry,Ukrainian,3638,755393
Ohio,Ancestry,Ukrainian,43963,11658609
Oklahoma,Ancestry,Ukrainian,3680,3930864
Oregon,Ancestry,Ukrainian,20141,4142776
Pennsylvania,Ancestry,Ukrainian,106219,12805537
Rhode Island,Ancestry,Ukrainian,5644,1059639
South Carolina,Ancestry,Ukrainian,11199,5024369
South Dakota,Ancestry,Ukrainian,1423,869666
Tennessee,Ancestry,Ukrainian,8779,6715984
Texas,Ancestry,Ukrainian,21216,28304596
Utah,Ancestry,Ukrainian,2679,3101833
Vermont,Ancestry,Ukrainian,2168,623657
Virginia,Ancestry,Ukrainian,20073,8470020
Washington,Ancestry,Ukrainian,63919,7405743
West Virginia,Ancestry,Ukrainian,2261,1815857
Wisconsin,Ancestry,Ukrainian,10746,5795483
Wyoming,Ancestry,Ukrainian,773,579315
Alabama,Ancestry,Welsh,23448,4874747
Alaska,Ancestry,Welsh,4307,739795
Arizona,Ancestry,Welsh,36973,7016270
Arkansas,Ancestry,Welsh,13697,3004279
California,Ancestry,Welsh,151325,39536653
Colorado,Ancestry,Welsh,49032,5607154
Connecticut,Ancestry,Welsh,15262,3588184
Delaware,Ancestry,Welsh,8047,961939
District of Columbia,Ancestry,Welsh,2636,693972
Florida,Ancestry,Welsh,98851,20984400
Georgia,Ancestry,Welsh,42259,10429379
Hawaii,Ancestry,Welsh,3708,1427538
Idaho,Ancestry,Welsh,23920,1716943
Illinois,Ancestry,Welsh,51130,12802023
Indiana,Ancestry,Welsh,36445,6666818
Iowa,Ancestry,Welsh,19731,3145711
Kansas,Ancestry,Welsh,22438,2913123
Kentucky,Ancestry,Welsh,24545,4454189
Louisiana,Ancestry,Welsh,9428,4684333
Maine,Ancestry,Welsh,13460,1335907
Maryland,Ancestry,Welsh,36171,6052177
Massachusetts,Ancestry,Welsh,22923,6859819
Michigan,Ancestry,Welsh,45691,9962311
Minnesota,Ancestry,Welsh,26775,5576606
Mississippi,Ancestry,Welsh,9193,2984100
Missouri,Ancestry,Welsh,37159,6113532
Montana,Ancestry,Welsh,11770,1050493
Nebraska,Ancestry,Welsh,9726,1920076
Nevada,Ancestry,Welsh,16662,2998039
New Hampshire,Ancestry,Welsh,11756,1342795
New Jersey,Ancestry,Welsh,30482,9005644
New Mexico,Ancestry,Welsh,9154,2088070
New York,Ancestry,Welsh,74889,19849399
North Carolina,Ancestry,Welsh,55930,10273419
North Dakota,Ancestry,Welsh,2272,755393
Ohio,Ancestry,Welsh,117185,11658609
Oklahoma,Ancestry,Welsh,19179,3930864
Oregon,Ancestry,Welsh,41006,4142776
Pennsylvania,Ancestry,Welsh,155356,12805537
Rhode Island,Ancestry,Welsh,2791,1059639
South Carolina,Ancestry,Welsh,27156,5024369
South Dakota,Ancestry,Welsh,3631,869666
Tennessee,Ancestry,Welsh,32410,6715984
Texas,Ancestry,Welsh,103669,28304596
Utah,Ancestry,Welsh,65406,3101833
Vermont,Ancestry,Welsh,6891,623657
Virginia,Ancestry,Welsh,50325,8470020
Washington,Ancestry,Welsh,76532,7405743
West Virginia,Ancestry,Welsh,13165,1815857
Wisconsin,Ancestry,Welsh,29838,5795483
Wyoming,Ancestry,Welsh,5524,579315
Alabama,Ancestry,West Indian (excluding Hispanic origin groups),9968,4874747
Alaska,Ancestry,West Indian (excluding Hispanic origin groups),1998,739795
Arizona,Ancestry,West Indian (excluding Hispanic origin groups),12144,7016270
Arkansas,Ancestry,West Indian (excluding Hispanic origin groups),2786,3004279
California,Ancestry,West Indian (excluding Hispanic origin groups),90346,39536653
Colorado,Ancestry,West Indian (excluding Hispanic origin groups),12987,5607154
Connecticut,Ancestry,West Indian (excluding Hispanic origin groups),95031,3588184
Delaware,Ancestry,West Indian (excluding Hispanic origin groups),16254,961939
District of Columbia,Ancestry,West Indian (excluding Hispanic origin groups),8727,693972
Florida,Ancestry,West Indian (excluding Hispanic origin groups),964966,20984400
Georgia,Ancestry,West Indian (excluding Hispanic origin groups),121324,10429379
Hawaii,Ancestry,West Indian (excluding Hispanic origin groups),1683,1427538
Idaho,Ancestry,West Indian (excluding Hispanic origin groups),829,1716943
Illinois,Ancestry,West Indian (excluding Hispanic origin groups),38055,12802023
Indiana,Ancestry,West Indian (excluding Hispanic origin groups),9294,6666818
Iowa,Ancestry,West Indian (excluding Hispanic origin groups),2547,3145711
Kansas,Ancestry,West Indian (excluding Hispanic origin groups),2691,2913123
Kentucky,Ancestry,West Indian (excluding Hispanic origin groups),6712,4454189
Louisiana,Ancestry,West Indian (excluding Hispanic origin groups),10540,4684333
Maine,Ancestry,West Indian (excluding Hispanic origin groups),3097,1335907
Maryland,Ancestry,West Indian (excluding Hispanic origin groups),95726,6052177
Massachusetts,Ancestry,West Indian (excluding Hispanic origin groups),134939,6859819
Michigan,Ancestry,West Indian (excluding Hispanic origin groups),21117,9962311
Minnesota,Ancestry,West Indian (excluding Hispanic origin groups),8194,5576606
Mississippi,Ancestry,West Indian (excluding Hispanic origin groups),1209,2984100
Missouri,Ancestry,West Indian (excluding Hispanic origin groups),8490,6113532
Montana,Ancestry,West Indian (excluding Hispanic origin groups),687,1050493
Nebraska,Ancestry,West Indian (excluding Hispanic origin groups),2128,1920076
Nevada,Ancestry,West Indian (excluding Hispanic origin groups),6690,2998039
New Hampshire,Ancestry,West Indian (excluding Hispanic origin groups),5757,1342795
New Jersey,Ancestry,West Indian (excluding Hispanic origin groups),173004,9005644
New Mexico,Ancestry,West Indian (excluding Hispanic origin groups),1669,2088070
New York,Ancestry,West Indian (excluding Hispanic origin groups),795052,19849399
North Carolina,Ancestry,West Indian (excluding Hispanic origin groups),42615,10273419
North Dakota,Ancestry,West Indian (excluding Hispanic origin groups),714,755393
Ohio,Ancestry,West Indian (excluding Hispanic origin groups),20385,11658609
Oklahoma,Ancestry,West Indian (excluding Hispanic origin groups),17390,3930864
Oregon,Ancestry,West Indian (excluding Hispanic origin groups),4218,4142776
Pennsylvania,Ancestry,West Indian (excluding Hispanic origin groups),78541,12805537
Rhode Island,Ancestry,West Indian (excluding Hispanic origin groups),9006,1059639
South Carolina,Ancestry,West Indian (excluding Hispanic origin groups),13916,5024369
South Dakota,Ancestry,West Indian (excluding Hispanic origin groups),313,869666
Tennessee,Ancestry,West Indian (excluding Hispanic origin groups),13626,6715984
Texas,Ancestry,West Indian (excluding Hispanic origin groups),79296,28304596
Utah,Ancestry,West Indian (excluding Hispanic origin groups),3229,3101833
Vermont,Ancestry,West Indian (excluding Hispanic origin groups),647,623657
Virginia,Ancestry,West Indian (excluding Hispanic origin groups),50522,8470020
Washington,Ancestry,West Indian (excluding Hispanic origin groups),13517,7405743
West Virginia,Ancestry,West Indian (excluding Hispanic origin groups),1192,1815857
Wisconsin,Ancestry,West Indian (excluding Hispanic origin groups),6730,5795483
Wyoming,Ancestry,West Indian (excluding Hispanic origin groups),178,579315
Alabama,Race,American Indian and Alaska Native,25181,4874747
Alaska,Race,American Indian and Alaska Native,109948,739795
Arizona,Race,American Indian and Alaska Native,317974,7016270
Arkansas,Race,American Indian and Alaska Native,19110,3004279
California,Race,American Indian and Alaska Native,313859,39536653
Colorado,Race,American Indian and Alaska Native,56792,5607154
Connecticut,Race,American Indian and Alaska Native,11268,3588184
Delaware,Race,American Indian and Alaska Native,2729,961939
District of Columbia,Race,American Indian and Alaska Native,1690,693972
Florida,Race,American Indian and Alaska Native,63635,20984400
Georgia,Race,American Indian and Alaska Native,36855,10429379
Hawaii,Race,American Indian and Alaska Native,2661,1427538
Idaho,Race,American Indian and Alaska Native,21589,1716943
Illinois,Race,American Indian and Alaska Native,29910,12802023
Indiana,Race,American Indian and Alaska Native,12397,6666818
Iowa,Race,American Indian and Alaska Native,10791,3145711
Kansas,Race,American Indian and Alaska Native,21426,2913123
Kentucky,Race,American Indian and Alaska Native,7777,4454189
Louisiana,Race,American Indian and Alaska Native,23848,4684333
Maine,Race,American Indian and Alaska Native,9340,1335907
Maryland,Race,American Indian and Alaska Native,18931,6052177
Massachusetts,Race,American Indian and Alaska Native,15097,6859819
Michigan,Race,American Indian and Alaska Native,53461,9962311
Minnesota,Race,American Indian and Alaska Native,60803,5576606
Mississippi,Race,American Indian and Alaska Native,13746,2984100
Missouri,Race,American Indian and Alaska Native,25567,6113532
Montana,Race,American Indian and Alaska Native,64908,1050493
Nebraska,Race,American Indian and Alaska Native,15619,1920076
Nevada,Race,American Indian and Alaska Native,37910,2998039
New Hampshire,Race,American Indian and Alaska Native,1785,1342795
New Jersey,Race,American Indian and Alaska Native,17843,9005644
New Mexico,Race,American Indian and Alaska Native,199887,2088070
New York,Race,American Indian and Alaska Native,76069,19849399
North Carolina,Race,American Indian and Alaska Native,119909,10273419
North Dakota,Race,American Indian and Alaska Native,41706,755393
Ohio,Race,American Indian and Alaska Native,23720,11658609
Oklahoma,Race,American Indian and Alaska Native,302400,3930864
Oregon,Race,American Indian and Alaska Native,47692,4142776
Pennsylvania,Race,American Indian and Alaska Native,23523,12805537
Rhode Island,Race,American Indian and Alaska Native,5580,1059639
South Carolina,Race,American Indian and Alaska Native,15007,5024369
South Dakota,Race,American Indian and Alaska Native,76078,869666
Tennessee,Race,American Indian and Alaska Native,14637,6715984
Texas,Race,American Indian and Alaska Native,135098,28304596
Utah,Race,American Indian and Alaska Native,32694,3101833
Vermont,Race,American Indian and Alaska Native,2355,623657
Virginia,Race,American Indian and Alaska Native,26792,8470020
Washington,Race,American Indian and Alaska Native,93038,7405743
West Virginia,Race,American Indian and Alaska Native,2438,1815857
Wisconsin,Race,American Indian and Alaska Native,49261,5795483
Wyoming,Race,American Indian and Alaska Native,13944,579315
Alabama,Race,Asian,66908,4874747
Alaska,Race,Asian,49385,739795
Arizona,Race,Asian,232517,7016270
Arkansas,Race,Asian,47885,3004279
California,Race,Asian,5765305,39536653
Colorado,Race,Asian,179251,5607154
Connecticut,Race,Asian,163924,3588184
Delaware,Race,Asian,38930,961939
District of Columbia,Race,Asian,28499,693972
Florida,Race,Asian,588087,20984400
Georgia,Race,Asian,410915,10429379
Hawaii,Race,Asian,545639,1427538
Idaho,Race,Asian,23113,1716943
Illinois,Race,Asian,694968,12802023
Indiana,Race,Asian,148366,6666818
Iowa,Race,Asian,81714,3145711
Kansas,Race,Asian,85840,2913123
Kentucky,Race,Asian,64878,4454189
Louisiana,Race,Asian,84816,4684333
Maine,Race,Asian,15157,1335907
Maryland,Race,Asian,391328,6052177
Massachusetts,Race,Asian,452717,6859819
Michigan,Race,Asian,308052,9962311
Minnesota,Race,Asian,273194,5576606
Mississippi,Race,Asian,27694,2984100
Missouri,Race,Asian,124518,6113532
Montana,Race,Asian,7366,1050493
Nebraska,Race,Asian,47118,1920076
Nevada,Race,Asian,255025,2998039
New Hampshire,Race,Asian,35663,1342795
New Jersey,Race,Asian,886261,9005644
New Mexico,Race,Asian,29427,2088070
New York,Race,Asian,1734663,19849399
North Carolina,Race,Asian,295672,10273419
North Dakota,Race,Asian,12699,755393
Ohio,Race,Asian,257518,11658609
Oklahoma,Race,Asian,86704,3930864
Oregon,Race,Asian,181659,4142776
Pennsylvania,Race,Asian,444588,12805537
Rhode Island,Race,Asian,38058,1059639
South Carolina,Race,Asian,76181,5024369
South Dakota,Race,Asian,10775,869666
Tennessee,Race,Asian,119115,6715984
Texas,Race,Asian,1360248,28304596
Utah,Race,Asian,75691,3101833
Vermont,Race,Asian,11270,623657
Virginia,Race,Asian,545776,8470020
Washington,Race,Asian,632156,7405743
West Virginia,Race,Asian,13733,1815857
Wisconsin,Race,Asian,159530,5795483
Wyoming,Race,Asian,4832,579315
Alabama,Race,Black or African American,1307467,4874747
Alaska,Race,Black or African American,22107,739795
Arizona,Race,Black or African American,307655,7016270
Arkansas,Race,Black or African American,458367,3004279
California,Race,Black or African American,2271917,39536653
Colorado,Race,Black or African American,229436,5607154
Connecticut,Race,Black or African American,380578,3588184
Delaware,Race,Black or African American,210356,961939
District of Columbia,Race,Black or African American,318220,693972
Florida,Race,Black or African American,3394508,20984400
Georgia,Race,Black or African American,3292061,10429379
Hawaii,Race,Black or African American,23386,1427538
Idaho,Race,Black or African American,11347,1716943
Illinois,Race,Black or African American,1818986,12802023
Indiana,Race,Black or African American,623961,6666818
Iowa,Race,Black or African American,107076,3145711
Kansas,Race,Black or African American,167207,2913123
Kentucky,Race,Black or African American,361637,4454189
Louisiana,Race,Black or African American,1521339,4684333
Maine,Race,Black or African American,16372,1335907
Maryland,Race,Black or African American,1806673,6052177
Massachusetts,Race,Black or African American,531887,6859819
Michigan,Race,Black or African American,1374615,9962311
Minnesota,Race,Black or African American,361130,5576606
Mississippi,Race,Black or African American,1134333,2984100
Missouri,Race,Black or African American,698380,6113532
Montana,Race,Black or African American,4635,1050493
Nebraska,Race,Black or African American,88952,1920076
Nevada,Race,Black or African American,274550,2998039
New Hampshire,Race,Black or African American,22409,1342795
New Jersey,Race,Black or African American,1217572,9005644
New Mexico,Race,Black or African American,44431,2088070
New York,Race,Black or African American,3136984,19849399
North Carolina,Race,Black or African American,2206579,10273419
North Dakota,Race,Black or African American,23294,755393
Ohio,Race,Black or African American,1441353,11658609
Oklahoma,Race,Black or African American,286716,3930864
Oregon,Race,Black or African American,77750,4142776
Pennsylvania,Race,Black or African American,1437081,12805537
Rhode Island,Race,Black or African American,66660,1059639
South Carolina,Race,Black or African American,1357385,5024369
South Dakota,Race,Black or African American,16987,869666
Tennessee,Race,Black or African American,1122675,6715984
Texas,Race,Black or African American,3423231,28304596
Utah,Race,Black or African American,37669,3101833
Vermont,Race,Black or African American,8260,623657
Virginia,Race,Black or African American,1627641,8470020
Washington,Race,Black or African American,271584,7405743
West Virginia,Race,Black or African American,71991,1815857
Wisconsin,Race,Black or African American,370335,5795483
Wyoming,Race,Black or African American,5766,579315
Alabama,Race,Native Hawaiian and Other Pacific Islander,1581,4874747
Alaska,Race,Native Hawaiian and Other Pacific Islander,8830,739795
Arizona,Race,Native Hawaiian and Other Pacific Islander,16453,7016270
Arkansas,Race,Native Hawaiian and Other Pacific Islander,8551,3004279
California,Race,Native Hawaiian and Other Pacific Islander,153923,39536653
Colorado,Race,Native Hawaiian and Other Pacific Islander,8400,5607154
Connecticut,Race,Native Hawaiian and Other Pacific Islander,525,3588184
Delaware,Race,Native Hawaiian and Other Pacific Islander,244,961939
District of Columbia,Race,Native Hawaiian and Other Pacific Islander,302,693972
Florida,Race,Native Hawaiian and Other Pacific Islander,13937,20984400
Georgia,Race,Native Hawaiian and Other Pacific Islander,8594,10429379
Hawaii,Race,Native Hawaiian and Other Pacific Islander,145271,1427538
Idaho,Race,Native Hawaiian and Other Pacific Islander,3079,1716943
Illinois,Race,Native Hawaiian and Other Pacific Islander,4860,12802023
Indiana,Race,Native Hawaiian and Other Pacific Islander,1441,6666818
Iowa,Race,Native Hawaiian and Other Pacific Islander,5876,3145711
Kansas,Race,Native Hawaiian and Other Pacific Islander,3712,2913123
Kentucky,Race,Native Hawaiian and Other Pacific Islander,3527,4454189
Louisiana,Race,Native Hawaiian and Other Pacific Islander,1517,4684333
Maine,Race,Native Hawaiian and Other Pacific Islander,228,1335907
Maryland,Race,Native Hawaiian and Other Pacific Islander,2143,6052177
Massachusetts,Race,Native Hawaiian and Other Pacific Islander,993,6859819
Michigan,Race,Native Hawaiian and Other Pacific Islander,2951,9962311
Minnesota,Race,Native Hawaiian and Other Pacific Islander,2044,5576606
Mississippi,Race,Native Hawaiian and Other Pacific Islander,1095,2984100
Missouri,Race,Native Hawaiian and Other Pacific Islander,8956,6113532
Montana,Race,Native Hawaiian and Other Pacific Islander,1150,1050493
Nebraska,Race,Native Hawaiian and Other Pacific Islander,1244,1920076
Nevada,Race,Native Hawaiian and Other Pacific Islander,20761,2998039
New Hampshire,Race,Native Hawaiian and Other Pacific Islander,560,1342795
New Jersey,Race,Native Hawaiian and Other Pacific Islander,3771,9005644
New Mexico,Race,Native Hawaiian and Other Pacific Islander,1684,2088070
New York,Race,Native Hawaiian and Other Pacific Islander,7397,19849399
North Carolina,Race,Native Hawaiian and Other Pacific Islander,8385,10273419
North Dakota,Race,Native Hawaiian and Other Pacific Islander,540,755393
Ohio,Race,Native Hawaiian and Other Pacific Islander,4216,11658609
Oklahoma,Race,Native Hawaiian and Other Pacific Islander,7163,3930864
Oregon,Race,Native Hawaiian and Other Pacific Islander,16144,4142776
Pennsylvania,Race,Native Hawaiian and Other Pacific Islander,3425,12805537
Rhode Island,Race,Native Hawaiian and Other Pacific Islander,1128,1059639
South Carolina,Race,Native Hawaiian and Other Pacific Islander,6389,5024369
South Dakota,Race,Native Hawaiian and Other Pacific Islander,944,869666
Tennessee,Race,Native Hawaiian and Other Pacific Islander,6380,6715984
Texas,Race,Native Hawaiian and Other Pacific Islander,23905,28304596
Utah,Race,Native Hawaiian and Other Pacific Islander,26547,3101833
Vermont,Race,Native Hawaiian and Other Pacific Islander,166,623657
Virginia,Race,Native Hawaiian and Other Pacific Islander,4225,8470020
Washington,Race,Native Hawaiian and Other Pacific Islander,48533,7405743
West Virginia,Race,Native Hawaiian and Other Pacific Islander,344,1815857
Wisconsin,Race,Native Hawaiian and Other Pacific Islander,4177,5795483
Wyoming,Race,Native Hawaiian and Other Pacific Islander,8,579315
Alabama,Race,Some Other Race,67308,4874747
Alaska,Race,Some Other Race,11279,739795
Arizona,Race,Some Other Race,432853,7016270
Arkansas,Race,Some Other Race,91890,3004279
California,Race,Some Other Race,5911803,39536653
Colorado,Race,Some Other Race,219189,5607154
Connecticut,Race,Some Other Race,191373,3588184
Delaware,Race,Some Other Race,18372,961939
District of Columbia,Race,Some Other Race,40116,693972
Florida,Race,Some Other Race,602032,20984400
Georgia,Race,Some Other Race,271833,10429379
Hawaii,Race,Some Other Race,21476,1427538
Idaho,Race,Some Other Race,59093,1716943
Illinois,Race,Some Other Race,797916,12802023
Indiana,Race,Some Other Race,125725,6666818
Iowa,Race,Some Other Race,41459,3145711
Kansas,Race,Some Other Race,71385,2913123
Kentucky,Race,Some Other Race,42177,4454189
Louisiana,Race,Some Other Race,75586,4684333
Maine,Race,Some Other Race,2621,1335907
Maryland,Race,Some Other Race,305303,6052177
Massachusetts,Race,Some Other Race,261841,6859819
Michigan,Race,Some Other Race,113928,9962311
Minnesota,Race,Some Other Race,110733,5576606
Mississippi,Race,Some Other Race,30914,2984100
Missouri,Race,Some Other Race,81237,6113532
Montana,Race,Some Other Race,7788,1050493
Nebraska,Race,Some Other Race,38823,1920076
Nevada,Race,Some Other Race,333731,2998039
New Hampshire,Race,Some Other Race,4518,1342795
New Jersey,Race,Some Other Race,538371,9005644
New Mexico,Race,Some Other Race,161056,2088070
New York,Race,Some Other Race,1768858,19849399
North Carolina,Race,Some Other Race,309141,10273419
North Dakota,Race,Some Other Race,8251,755393
Ohio,Race,Some Other Race,110748,11658609
Oklahoma,Race,Some Other Race,107507,3930864
Oregon,Race,Some Other Race,123547,4142776
Pennsylvania,Race,Some Other Race,243000,12805537
Rhode Island,Race,Some Other Race,47303,1059639
South Carolina,Race,Some Other Race,81959,5024369
South Dakota,Race,Some Other Race,5647,869666
Tennessee,Race,Some Other Race,89260,6715984
Texas,Race,Some Other Race,1683894,28304596
Utah,Race,Some Other Race,179943,3101833
Vermont,Race,Some Other Race,1392,623657
Virginia,Race,Some Other Race,219501,8470020
Washington,Race,Some Other Race,339986,7405743
West Virginia,Race,Some Other Race,12506,1815857
Wisconsin,Race,Some Other Race,126767,5795483
Wyoming,Race,Some Other Race,10001,579315
Alabama,Race,Two or more races,93584,4874747
Alaska,Race,Two or more races,63390,739795
Arizona,Race,Two or more races,266401,7016270
Arkansas,Race,Two or more races,85169,3004279
California,Race,Two or more races,1938077,39536653
Colorado,Race,Two or more races,193591,5607154
Connecticut,Race,Two or more races,117503,3588184
Delaware,Race,Two or more races,29224,961939
District of Columbia,Race,Two or more races,20609,693972
Florida,Race,Two or more races,553886,20984400
Georgia,Race,Two or more races,286165,10429379
Hawaii,Race,Two or more races,331992,1427538
Idaho,Race,Two or more races,52711,1716943
Illinois,Race,Two or more races,335471,12802023
Indiana,Race,Two or more races,177031,6666818
Iowa,Race,Two or more races,67729,3145711
Kansas,Race,Two or more races,101338,2913123
Kentucky,Race,Two or more races,101523,4454189
Louisiana,Race,Two or more races,86409,4684333
Maine,Race,Two or more races,30578,1335907
Maryland,Race,Two or more races,205316,6052177
Massachusetts,Race,Two or more races,209873,6859819
Michigan,Race,Two or more races,294529,9962311
Minnesota,Race,Two or more races,158237,5576606
Mississippi,Race,Two or more races,40431,2984100
Missouri,Race,Two or more races,161277,6113532
Montana,Race,Two or more races,34098,1050493
Nebraska,Race,Two or more races,51228,1920076
Nevada,Race,Two or more races,139203,2998039
New Hampshire,Race,Two or more races,28109,1342795
New Jersey,Race,Two or more races,229588,9005644
New Mexico,Race,Two or more races,69565,2088070
New York,Race,Two or more races,602071,19849399
North Carolina,Race,Two or more races,266988,10273419
North Dakota,Race,Two or more races,14787,755393
Ohio,Race,Two or more races,340980,11658609
Oklahoma,Race,Two or more races,302882,3930864
Oregon,Race,Two or more races,198742,4142776
Pennsylvania,Race,Two or more races,314432,12805537
Rhode Island,Race,Two or more races,34652,1059639
South Carolina,Race,Two or more races,107229,5024369
South Dakota,Race,Two or more races,22654,869666
Tennessee,Race,Two or more races,142326,6715984
Texas,Race,Two or more races,749080,28304596
Utah,Race,Two or more races,92276,3101833
Vermont,Race,Two or more races,12949,623657
Virginia,Race,Two or more races,331386,8470020
Washington,Race,Two or more races,438085,7405743
West Virginia,Race,Two or more races,30524,1815857
Wisconsin,Race,Two or more races,143237,5795483
Wyoming,Race,Two or more races,16350,579315
Alabama,Race,White,3312718,4874747
Alaska,Race,White,474856,739795
Arizona,Race,White,5442417,7016270
Arkansas,Race,White,2293307,3004279
California,Race,White,23181769,39536653
Colorado,Race,White,4720495,5607154
Connecticut,Race,White,2723013,3588184
Delaware,Race,White,662084,961939
District of Columbia,Race,White,284536,693972
Florida,Race,White,15768315,20984400
Georgia,Race,White,6122956,10429379
Hawaii,Race,White,357113,1427538
Idaho,Race,White,1546011,1716943
Illinois,Race,White,9119912,12802023
Indiana,Race,White,5577897,6666818
Iowa,Race,White,2831066,3145711
Kansas,Race,White,2462215,2913123
Kentucky,Race,White,3872670,4454189
Louisiana,Race,White,2890818,4684333
Maine,Race,White,1261611,1335907
Maryland,Race,White,3322483,6052177
Massachusetts,Race,White,5387411,6859819
Michigan,Race,White,7814775,9962311
Minnesota,Race,White,4610465,5576606
Mississippi,Race,White,1735887,2984100
Missouri,Race,White,5013597,6113532
Montana,Race,White,930548,1050493
Nebraska,Race,White,1677092,1920076
Nevada,Race,White,1936859,2998039
New Hampshire,Race,White,1249751,1342795
New Jersey,Race,White,6112238,9005644
New Mexico,Race,White,1582020,2088070
New York,Race,White,12523357,19849399
North Carolina,Race,White,7066745,10273419
North Dakota,Race,White,654116,755393
Ohio,Race,White,9480074,11658609
Oklahoma,Race,White,2837492,3930864
Oregon,Race,White,3497242,4142776
Pennsylvania,Race,White,10339488,12805537
Rhode Island,Race,White,866258,1059639
South Carolina,Race,White,3380219,5024369
South Dakota,Race,White,736581,869666
Tennessee,Race,White,5221591,6715984
Texas,Race,White,20929140,28304596
Utah,Race,White,2657013,3101833
Vermont,Race,White,587265,623657
Virginia,Race,White,5714699,8470020
Washington,Race,White,5582361,7405743
West Virginia,Race,White,1684321,1815857
Wisconsin,Race,White,4942176,5795483
Wyoming,Race,White,528414,579315
Alabama,Ethnicity,Not Hispanic or Latino,4672777,4874747
Alaska,Ethnicity,Not Hispanic or Latino,688083,739795
Arizona,Ethnicity,Not Hispanic or Latino,4814097,7016270
Arkansas,Ethnicity,Not Hispanic or Latino,2780515,3004279
California,Ethnicity,Not Hispanic or Latino,24059347,39536653
Colorado,Ethnicity,Not Hispanic or Latino,4400430,5607154
Connecticut,Ethnicity,Not Hispanic or Latino,3009351,3588184
Delaware,Ethnicity,Not Hispanic or Latino,872399,961939
District of Columbia,Ethnicity,Not Hispanic or Latino,617446,693972
Florida,Ethnicity,Not Hispanic or Latino,15613540,20984400
Georgia,Ethnicity,Not Hispanic or Latino,9427907,10429379
Hawaii,Ethnicity,Not Hispanic or Latino,1277413,1427538
Idaho,Ethnicity,Not Hispanic or Latino,1503324,1716943
Illinois,Ethnicity,Not Hispanic or Latino,10595096,12802023
Indiana,Ethnicity,Not Hispanic or Latino,6205200,6666818
Iowa,Ethnicity,Not Hispanic or Latino,2959965,3145711
Kansas,Ethnicity,Not Hispanic or Latino,2567613,2913123
Kentucky,Ethnicity,Not Hispanic or Latino,4299026,4454189
Louisiana,Ethnicity,Not Hispanic or Latino,4440713,4684333
Maine,Ethnicity,Not Hispanic or Latino,1314008,1335907
Maryland,Ethnicity,Not Hispanic or Latino,5439468,6052177
Massachusetts,Ethnicity,Not Hispanic or Latino,6048527,6859819
Michigan,Ethnicity,Not Hispanic or Latino,9457913,9962311
Minnesota,Ethnicity,Not Hispanic or Latino,5279940,5576606
Mississippi,Ethnicity,Not Hispanic or Latino,2898065,2984100
Missouri,Ethnicity,Not Hispanic or Latino,5857729,6113532
Montana,Ethnicity,Not Hispanic or Latino,1011560,1050493
Nebraska,Ethnicity,Not Hispanic or Latino,1710159,1920076
Nevada,Ethnicity,Not Hispanic or Latino,2133376,2998039
New Hampshire,Ethnicity,Not Hispanic or Latino,1292402,1342795
New Jersey,Ethnicity,Not Hispanic or Latino,7165211,9005644
New Mexico,Ethnicity,Not Hispanic or Latino,1069726,2088070
New York,Ethnicity,Not Hispanic or Latino,16037745,19849399
North Carolina,Ethnicity,Not Hispanic or Latino,9310953,10273419
North Dakota,Ethnicity,Not Hispanic or Latino,728914,755393
Ohio,Ethnicity,Not Hispanic or Latino,11221847,11658609
Oklahoma,Ethnicity,Not Hispanic or Latino,3513156,3930864
Oregon,Ethnicity,Not Hispanic or Latino,3601852,4142776
Pennsylvania,Ethnicity,Not Hispanic or Latino,11867109,12805537
Rhode Island,Ethnicity,Not Hispanic or Latino,896293,1059639
South Carolina,Ethnicity,Not Hispanic or Latino,4738379,5024369
South Dakota,Ethnicity,Not Hispanic or Latino,838388,869666
Tennessee,Ethnicity,Not Hispanic or Latino,6354781,6715984
Texas,Ethnicity,Not Hispanic or Latino,17145845,28304596
Utah,Ethnicity,Not Hispanic or Latino,2667543,3101833
Vermont,Ethnicity,Not Hispanic or Latino,611725,623657
Virginia,Ethnicity,Not Hispanic or Latino,7679358,8470020
Washington,Ethnicity,Not Hispanic or Latino,6464951,7405743
West Virginia,Ethnicity,Not Hispanic or Latino,1793050,1815857
Wisconsin,Ethnicity,Not Hispanic or Latino,5397636,5795483
Wyoming,Ethnicity,Not Hispanic or Latino,521193,579315
Alabama,Ethnicity,Hispanic or Latino,201970,4874747
Alaska,Ethnicity,Hispanic or Latino,51712,739795
Arizona,Ethnicity,Hispanic or Latino,2202173,7016270
Arkansas,Ethnicity,Hispanic or Latino,223764,3004279
California,Ethnicity,Hispanic or Latino,15477306,39536653
Colorado,Ethnicity,Hispanic or Latino,1206724,5607154
Connecticut,Ethnicity,Hispanic or Latino,578833,3588184
Delaware,Ethnicity,Hispanic or Latino,89540,961939
District of Columbia,Ethnicity,Hispanic or Latino,76526,693972
Florida,Ethnicity,Hispanic or Latino,5370860,20984400
Georgia,Ethnicity,Hispanic or Latino,1001472,10429379
Hawaii,Ethnicity,Hispanic or Latino,150125,1427538
Idaho,Ethnicity,Hispanic or Latino,213619,1716943
Illinois,Ethnicity,Hispanic or Latino,2206927,12802023
Indiana,Ethnicity,Hispanic or Latino,461618,6666818
Iowa,Ethnicity,Hispanic or Latino,185746,3145711
Kansas,Ethnicity,Hispanic or Latino,345510,2913123
Kentucky,Ethnicity,Hispanic or Latino,155163,4454189
Louisiana,Ethnicity,Hispanic or Latino,243620,4684333
Maine,Ethnicity,Hispanic or Latino,21899,1335907
Maryland,Ethnicity,Hispanic or Latino,612709,6052177
Massachusetts,Ethnicity,Hispanic or Latino,811292,6859819
Michigan,Ethnicity,Hispanic or Latino,504398,9962311
Minnesota,Ethnicity,Hispanic or Latino,296666,5576606
Mississippi,Ethnicity,Hispanic or Latino,86035,2984100
Missouri,Ethnicity,Hispanic or Latino,255803,6113532
Montana,Ethnicity,Hispanic or Latino,38933,1050493
Nebraska,Ethnicity,Hispanic or Latino,209917,1920076
Nevada,Ethnicity,Hispanic or Latino,864663,2998039
New Hampshire,Ethnicity,Hispanic or Latino,50393,1342795
New Jersey,Ethnicity,Hispanic or Latino,1840433,9005644
New Mexico,Ethnicity,Hispanic or Latino,1018344,2088070
New York,Ethnicity,Hispanic or Latino,3811654,19849399
North Carolina,Ethnicity,Hispanic or Latino,962466,10273419
North Dakota,Ethnicity,Hispanic or Latino,26479,755393
Ohio,Ethnicity,Hispanic or Latino,436762,11658609
Oklahoma,Ethnicity,Hispanic or Latino,417708,3930864
Oregon,Ethnicity,Hispanic or Latino,540924,4142776
Pennsylvania,Ethnicity,Hispanic or Latino,938428,12805537
Rhode Island,Ethnicity,Hispanic or Latino,163346,1059639
South Carolina,Ethnicity,Hispanic or Latino,285990,5024369
South Dakota,Ethnicity,Hispanic or Latino,31278,869666
Tennessee,Ethnicity,Hispanic or Latino,361203,6715984
Texas,Ethnicity,Hispanic or Latino,11158751,28304596
Utah,Ethnicity,Hispanic or Latino,434290,3101833
Vermont,Ethnicity,Hispanic or Latino,11932,623657
Virginia,Ethnicity,Hispanic or Latino,790662,8470020
Washington,Ethnicity,Hispanic or Latino,940792,7405743
West Virginia,Ethnicity,Hispanic or Latino,22807,1815857
Wisconsin,Ethnicity,Hispanic or Latino,397847,5795483
Wyoming,Ethnicity,Hispanic or Latino,58122,579315
